,season,year,month,holiday,weeakday,weathersit,sensation,humidity,windspeed,casual,registered,count
0,winter,0,1,1,1,2,-0.4563991203197833,0.855581878146651,-0.20890882308794095,-0.49471323293816083,-1.3198158702323541,985
1,winter,0,1,0,2,2,-0.4928625107770049,0.33272231572101857,0.6875500863711644,-0.7510413329061199,-1.3128014028934678,801
2,winter,0,1,0,3,1,-1.098989843105253,-0.900337429414364,0.6852095422964299,-0.7651393784043575,-1.0677334502411222,1349
3,winter,0,1,0,4,1,-1.0152007634960376,-0.17063232580936002,-0.21043526487581127,-0.7805190644024351,-0.9690925032880315,1562
4,winter,0,1,0,5,1,-0.9519523091605695,-0.9018429386969482,0.060294450620880104,-0.8138417173982698,-0.9410346339324858,1600
5,winter,0,1,0,6,1,-0.9374237541321458,-0.5144887402436686,-0.9302115902724953,-0.806151874399231,-0.9410346339324858,1606
6,winter,0,1,0,7,2,-1.0273097368797173,-0.607701680477094,-0.12464923639749573,-0.7292534444088433,-1.0094256904866288,1510
7,winter,0,1,0,1,2,-1.1991332291364107,-0.4307709898842639,0.8734198147408484,-0.8317846843960269,-1.2159140727750986,959
8,winter,0,1,0,2,1,-1.3690903977463962,-0.9151352516666011,1.8416520170656192,-0.849727651393784,-1.2698377904427882,822
9,winter,0,1,0,3,1,-1.2410554318409202,-0.682877094938797,0.4303751739507619,-0.8663889778917013,-1.0453748355984218,1321
10,winter,0,1,0,4,2,-1.0913954549855465,0.2863993196622606,-0.5988027608243804,-0.8638256968920218,-1.071679088119246,1263
11,winter,0,1,0,5,1,-1.205702245766424,-0.12722982718802056,1.2583171996916585,-0.886895225889138,-1.1080666374397194,1162
12,winter,0,1,0,6,1,-1.2410738737741882,-0.7424304684587467,1.221407837260953,-0.8702338993912208,-1.0067952652345462,1406
13,winter,0,1,0,7,1,-1.1026487226655972,-0.421275800010243,-0.5538643145894762,-0.849727651393784,-1.0072336694432267,1421
14,winter,0,1,1,1,2,-0.882455727833949,-0.6074444099034877,-0.23417652281648874,-0.6344120474206985,-1.1567295046032442,1248
15,winter,0,1,0,2,1,-0.9337058603853443,-0.6789084581274275,0.0758946856929156,-0.5972444729253444,-1.1887330118369137,1204
16,winter,0,1,0,3,2,-1.145588920086493,-0.42282895199164344,0.13271902531603696,-0.768984299903877,-1.2194213064445418,1000
17,winter,0,1,0,4,2,-0.9406547808406758,1.1215901227156817,-0.34802872763444764,-0.9074014738865748,-1.3110477860587462,683
18,winter,0,1,0,5,2,-0.6968929952926968,0.5502207643556386,0.2782398090930136,-0.818968279397629,-0.917360806663744,1650
19,winter,0,1,0,6,2,-0.8568657012314603,-0.4188603151802739,0.1519216630074464,-0.81256007689843,-0.7981148619026742,1927
20,winter,0,1,0,7,1,-1.2154395865318564,-0.8059572430599474,1.7530369831404506,-0.8228132008971484,-0.9629548443665059,1543
21,winter,0,1,0,1,1,-1.50594945988188,-1.077916060711091,-0.09163738866515202,-0.799743671900032,-1.21722928540114,981
22,winter,0,1,0,2,1,-1.4330318999340705,-0.9039153960954425,0.6678182821932935,-0.7266901634091637,-1.2400263042525208,986
23,winter,0,1,0,3,1,-1.3626172791693756,-0.640846706043357,-0.2304418285754991,-0.8087151553989106,-1.0234546251644017,1416
24,winter,0,1,0,4,2,-0.9325661489093904,-0.04427436000967136,-0.5208117617427894,-0.6805511054149311,-0.8178430512932924,1985
25,winter,0,1,0,5,3,-1.0466331945577858,1.1255587595270509,1.1486474453724647,-0.87536046139058,-1.3996054362121877,506
26,winter,0,1,0,6,1,-0.9872501694352621,0.2918115302477539,-0.6832149916936125,-0.899711630887536,-1.4241560718982902,431
27,winter,0,1,0,7,2,-0.9739092749092889,0.7946468663610385,-0.5869168674361628,-0.8702338993912208,-1.1115738711091627,1167
28,winter,0,1,0,1,1,-1.0151860099494232,0.12143647501200015,-0.36237728044042944,-0.7612944569048382,-1.1790881192459448,1098
29,winter,0,1,0,2,1,-0.8743043933295529,0.4570078241222129,-1.0887844689636224,-0.7395065684075617,-1.1874177992108723,1096
30,winter,0,1,0,3,2,-1.1106267029972754,-0.1071960723359096,0.06326592396793458,-0.8651073373918616,-0.9669004822446295,1501
31,winter,0,2,0,4,2,-0.9325513953627761,0.9686475309766874,-1.3001417046793073,-0.8586991348926626,-1.0309074967119685,1360
32,winter,0,2,0,5,2,-0.8592004499831719,0.7106718454280282,0.8480198233906848,-0.8266581223966677,-0.9690925032880315,1526
33,winter,0,2,0,6,1,-1.1415058760609877,-0.8977027881698413,0.9848297126982145,-0.8407561678949055,-0.9537483559842175,1550
34,winter,0,2,0,7,2,-0.9544714772449598,-0.19549228605152782,-0.5407267389352051,-0.806151874399231,-0.8963174046470846,1708
35,winter,0,2,0,1,2,-0.9010968339811064,1.4431783397234104,-0.20246723874312772,-0.7907721884011535,-1.209776413853573,1005
36,winter,0,2,0,2,1,-0.7217932935909672,-0.27593221873239443,-0.3986557135988154,-0.46523550144184556,-1.0501972818939063,1623
37,winter,0,2,0,3,1,-0.677580602774589,0.5339936611389222,-1.3795645061579207,-0.7651393784043575,-0.9085927224901359,1712
38,winter,0,2,0,4,1,-1.066380816701015,-0.42084225145101795,1.8416520170656192,-0.836911246395386,-0.9638316527838667,1530
39,winter,0,2,0,5,2,-1.2654172256877692,-0.6263442685237791,0.0800262547987513,-0.8510092918936238,-0.9261288908373521,1605
40,winter,0,2,0,6,1,-1.2459978699567078,-0.8997752455683355,0.41682037087447305,-0.8586991348926626,-0.9528715475668567,1538
41,winter,0,2,0,7,1,-1.010084971207532,-0.5711692590250158,-0.7370169765767508,-0.7279718039090035,-0.9064007014467339,1746
42,winter,0,2,0,1,1,-0.938364292728807,-0.3910655646910431,0.22786723009329096,-0.5498237744312721,-1.0874616396317405,1472
43,winter,0,2,0,2,1,-0.6021346537757555,-0.804489847936416,0.8131660692343115,-0.4101249599487344,-1.0839544059622972,1589
44,winter,0,2,0,3,1,-0.32831989377446436,-1.193054170939621,2.411096214169959,-0.6523550144184557,-0.8590530469092503,1913
45,winter,0,2,0,4,1,-0.8597278892746328,-1.4859853046095501,1.1234509795940175,-0.7395065684075617,-0.8722051731696624,1815
46,winter,0,2,0,5,1,-0.6313208573654777,-0.9660605324309806,0.7206433443321946,-0.6395386094200577,-0.7748794388426129,2115
47,winter,0,2,0,6,1,-0.2165322710779771,-0.5776677231435129,0.4999503906418943,-0.5869913489266261,-0.6350284962735643,2475
48,winter,0,2,0,7,1,0.09080254683098452,-0.5220829864349326,0.8542985872781251,-0.1768663889778917,-0.577159140727751,2927
49,winter,0,2,1,1,1,-0.35393942747018176,-2.088336710009612,3.3224328429215073,-0.23710349247036205,-1.122972380534853,1635
50,winter,0,2,0,2,1,-0.7746884465898561,-1.0406308846177208,0.43004953303601634,-0.099967958987504,-1.092284085927225,1812
51,winter,0,2,0,3,2,-0.7498102786115071,-0.10124073498391463,1.2910746404593574,-0.669016340916373,-1.2067075843928101,1107
52,winter,0,2,0,4,1,-1.1114270829011008,-0.2309336897007205,0.14967270543998412,-0.8240948413969882,-1.003288031565103,1450
53,winter,0,2,0,5,1,-0.8912894138692561,-0.9681329898294749,-0.8839319105199824,-0.7407882089074015,-0.8270495396755809,1917
54,winter,0,2,0,6,2,-0.730940492491828,0.3389349236466195,0.7074650635635803,-0.7907721884011535,-0.8581762384918895,1807
55,winter,0,2,0,7,2,-0.5049530422274167,0.4093651253062531,1.6848253877798156,-0.7651393784043575,-1.0186321788689172,1461
56,winter,0,2,0,1,1,-0.7567555106801848,-0.42084225145101795,0.056946454966151056,-0.3755206664530599,-0.9291977202981149,1969
57,winter,0,2,0,2,1,-0.5025629676759015,0.25607950613578406,-0.5670934767510194,-0.029477731496315284,-0.8577378342832092,2402
58,winter,0,2,0,3,2,-0.32179882617094746,1.1916105971654973,1.1062734213411825,-0.8151233578981096,-1.0081104778605874,1446
59,winter,0,3,0,4,1,-0.8243009354670653,-0.4347396266956334,0.36074907586670085,-0.7433514899070811,-0.8551074090311267,1851
60,winter,0,3,0,5,1,-0.617043112629497,-0.8416892671719174,1.2909423488377418,-0.6228772829221403,-0.7722490135905304,2134
61,winter,0,3,0,6,1,-1.059420831085723,-1.4669996891313901,0.45568357879365295,-0.7612944569048382,-0.921744848750548,1685
62,winter,0,3,0,7,2,-0.8545457060263628,-0.07543268503530924,0.22765352824298904,-0.6446651714194168,-0.8480929416922403,1944
63,winter,0,3,0,1,2,-0.40050530897153963,0.776180556299973,0.7214574466190588,-0.09868631848766421,-0.9765453748355984,2077
64,winter,0,3,0,2,2,-0.4467097285808472,1.5341473088426036,1.651732129818786,-0.7728292214033964,-1.39127575624726,605
65,winter,0,3,0,3,1,-0.918052347427581,-0.35706297054609243,1.632041030755258,-0.606215956424223,-0.8928101709776414,1872
66,winter,0,3,0,4,1,-0.6822205931847838,-0.9786620262678019,-0.6138840056885396,-0.5139378404357577,-0.8099517755370451,2133
67,winter,0,3,0,5,2,-0.7404675952180069,0.7106718454280282,0.3986557135988154,-0.6741429029157321,-0.8612450679526523,1891
68,winter,0,3,0,6,3,-0.3750960133150758,-2.983624013349484,0.8232812901485991,-0.8599807753925024,-1.3535729943007453,623
69,winter,0,3,0,7,2,-0.6726307878854941,0.11107895228941059,0.5291156050688044,-0.6023710349247037,-0.8480929416922403,1977
70,winter,0,3,0,1,1,-0.5960967648238564,-0.15087013434049992,0.4050158877149422,0.008971483498878564,-0.9892590968873302,2132
71,winter,0,3,0,2,1,-0.395666145682052,-0.47099095622469717,0.9120896733668981,0.33963473245754566,-0.9774221832529593,2417
72,winter,0,3,0,3,1,-0.5730443482390258,-0.6159867458011893,-0.4482548954260172,-0.45882729894264657,-0.8669443226654976,2046
73,winter,0,3,0,4,2,-0.6240252285647107,0.14007906305868528,0.0339277128050658,-0.5485421339314323,-0.8318719859710654,2056
74,winter,0,3,0,5,2,-0.44420900242972483,0.7159363636471912,0.2253231604468403,-0.5075296379365588,-0.7862779482683033,2192
75,winter,0,3,0,6,1,-0.2841219565047005,-0.11116470914727912,0.29108227266829656,-0.3755206664530599,-0.5894344585708022,2744
76,winter,0,3,0,7,1,0.14622424468757061,-0.4813484789472868,0.509241332990732,0.21403396347324574,-0.5740903112669882,3239
77,winter,0,3,0,1,1,-0.07686413366713214,-1.1771700951543802,1.9049179410335537,0.9061198333867351,-0.8643138974134151,3117
78,winter,0,3,0,2,1,-0.5960967648238564,-0.7265511569433873,0.27217474705587524,0.4229413649471323,-0.9822446295484437,2471
79,spring,0,3,0,3,2,-0.28632761172353693,0.5295057189104587,1.097084241778203,-0.4049983979493752,-0.871766768960982,2077
80,spring,0,3,0,4,1,-0.17233064542155954,-0.007942037892620442,0.4556428736793097,-0.3293816084588273,-0.6231915826391934,2703
81,spring,0,3,0,5,2,-0.5511390199034565,1.0162902297926473,0.5422531807230754,-0.6587632169176546,-0.7656729504603245,2121
82,spring,0,3,0,6,2,-0.7986518946781193,0.855581878146651,0.6391924105314309,-0.706183915411727,-0.8616834721613328,1865
83,spring,0,3,0,7,1,-0.8522109572746512,-0.6253104219594727,0.5062698596436775,-0.5344440884331945,-0.7691801841297676,2210
84,spring,0,3,0,1,1,-0.847567278477803,-1.1057060469304405,0.2910008624396101,0.33835309195770585,-0.9423498465585269,2496
85,spring,0,3,0,2,2,-0.8742416907564422,-0.6304891833207674,0.03383612629779359,-0.31400192246074976,-1.0712406839105655,1693
86,spring,0,3,0,3,1,-0.8475562133178423,-1.5439855261480997,0.3177950039560282,-0.6344120474206985,-0.8147742218325296,2028
87,spring,0,3,0,4,1,-0.7172307593004976,-1.486847637458119,0.4683225167972197,-0.5126561999359179,-0.6823761508110477,2425
88,spring,0,3,0,5,2,-0.7008469457853268,0.09727209817254545,-0.08229556492338533,-0.7036206344120475,-1.0067952652345462,1536
89,spring,0,3,0,6,3,-0.8475525249311887,1.391562239826199,0.3731743120199657,-0.6895225889138097,-0.9462954844366506,1685
90,spring,0,4,0,7,2,-0.7521007667233757,0.2858561928957589,0.7910326633101906,-0.5254726049343159,-0.7647961420429636,2227
91,spring,0,4,0,1,2,-0.6333974190514392,0.1310174217438895,0.16456060101101316,0.23197693047100287,-1.0129329241560718,2252
92,spring,0,4,0,2,1,-0.40054956961138244,-0.6967744701834124,0.012598232889223536,1.1970522268503685,-0.9059622972380534,3249
93,spring,0,4,0,3,1,0.20494336021245133,-0.9528539763191964,2.0820258935408615,0.021787888497276513,-0.5626918018412976,3115
94,spring,0,4,0,4,2,-0.32831989377446436,0.07543268503530891,2.107425884891025,-0.7049022749118872,-0.8928101709776414,1795
95,spring,0,4,0,5,1,-0.3679405432071443,-0.7404485321880028,0.8353503565513609,-0.38961871195129766,-0.556554142919772,2808
96,spring,0,4,0,6,1,-0.19795017911727691,-0.11116470914727912,-0.18991988724683317,-0.18711951297661006,-0.47983340640070143,3141
97,spring,0,4,0,7,2,-0.6007847042605479,1.0004966751351563,0.46828181168287647,-0.6984940724126882,-1.037045155633494,1471
98,spring,0,4,0,1,2,-0.5378977118171298,1.1970228077509906,-0.4873623340312565,0.20762576097404678,-0.9156071898290223,2455
99,spring,0,4,0,2,2,-0.22361766183949075,1.101737410119071,-0.3481101378631341,0.6036526754245434,-0.8581762384918895,2895
100,spring,0,4,0,3,2,0.287150121947284,0.4321478638800451,1.460285800784082,0.1768663889778917,-0.5135905304690925,3348
101,spring,0,4,0,4,2,0.020985075865503022,0.5379670622201738,0.9555932643212043,-0.5895546299263057,-0.8274879438842613,2034
102,spring,0,4,0,5,2,-0.2584876692623689,0.9191086527478524,0.7086963932724623,-0.6510733739186159,-0.7503288031565103,2162
103,spring,0,4,0,6,1,-0.09081730037759851,-0.408931576747028,-0.7151379776172753,-0.24094841396988145,-0.40618149934239367,3267
104,spring,0,4,0,7,1,-0.16764270598486844,0.2143921446718192,0.4620030477954365,-0.09612303748798462,-0.5175361683472162,3126
105,spring,0,4,1,1,3,-0.22820970322318893,1.2486341433783195,1.6265051352045814,-0.7638577379045178,-1.3110477860587462,795
106,spring,0,4,0,2,1,-0.15368953927440207,-0.6987611707240379,1.246807828611116,1.0778596603652675,-0.6481806225339763,3744
107,spring,0,4,0,3,1,0.058208273973360675,-0.3990076025836635,-0.17714865762165094,-0.06151874399231016,-0.3965366067514248,3429
108,spring,0,4,0,4,2,0.006983960128540446,0.1885840947232135,-0.23409511258780227,-0.39474527395065684,-0.3811924594476107,3204
109,spring,0,4,0,5,1,0.2841072029580862,-0.057566672979324315,0.6202441798046661,-0.13329061198333866,-0.1462078035949145,3944
110,spring,0,4,0,6,1,-0.12345952226171857,-1.0441707371397466,1.4682640031953516,0.035885933995514256,-0.09666812801402894,4189
111,spring,0,4,0,7,2,-0.6100978805608194,0.49230629967495737,0.3922548343683457,-0.6920858699134893,-0.9462954844366506,1683
112,spring,0,4,0,1,2,-0.13736842833234217,1.246652207107576,0.5062698596436775,0.9548221723806473,-0.47807978956597985,4036
113,spring,0,4,0,2,2,0.2375265679101141,0.879403227554631,0.11397432016098859,1.2726690163409164,-0.5188513809732573,4191
114,spring,0,4,0,3,1,0.32138941525240117,0.7166271827800231,0.04434822207692752,0.07177186799102851,-0.159798334064007,4073
115,spring,0,4,0,4,1,0.393619091089319,0.490324363404214,1.480902941198918,-0.049983979493752,0.025208241999123193,4400
116,spring,0,4,0,5,2,0.323757359483995,0.9965280383237871,1.3353821574219416,-0.21787888497276514,-0.14883822884699693,3872
117,spring,0,4,0,6,2,0.33772527974107536,0.35533354057907285,1.4239971913471101,-0.18968279397628965,-0.07693993862341078,4058
118,spring,0,4,0,7,1,0.037247172621105884,-0.8059572430599474,0.6012959490779018,0.20634412047420697,0.023016220955721176,4595
119,spring,0,4,0,1,1,-0.0860998538476789,-0.5856097610361333,0.5505366714919189,1.599487343800064,-0.13919333625602806,5312
120,spring,0,5,0,2,2,-0.1444390655472413,0.6471450708268268,-0.7593640843511732,0.5395706504325537,-0.6363437088996055,3351
121,spring,0,5,0,3,2,0.16770540855797916,0.49429300021558314,0.025226994614204565,0.16661326497917334,-0.04844366505918457,4401
122,spring,0,5,0,4,2,0.34934369769983015,0.3374675285230879,1.6454228370955881,-0.14610701698173661,0.08044717229285402,4451
123,spring,0,5,0,5,2,-0.30508305785695505,0.5280383237869273,1.5063029325490815,-0.5921179109259853,-0.5640070144673389,2633
124,spring,0,5,0,6,1,-0.16762795243825418,-0.8674925528506413,1.1643392669517723,-0.13200897148349888,0.06773345024112232,4433
125,spring,0,5,0,7,1,-0.04886190219320673,-0.17270478320785435,0.48104286502947297,0.2268503684716437,0.021701008329679965,4608
126,spring,0,5,0,1,1,0.09315573751596379,-0.4049629399356585,-0.20886811797359772,1.1470682473566165,-0.24660236738272687,4714
127,spring,0,5,0,2,1,0.11643683407331615,0.025808049948605374,-1.0821200241177802,0.8766421018904197,-0.3211310828583954,4333
128,spring,0,5,0,3,1,0.1397216190173217,-0.17866012055984934,-0.05062698596436781,-0.06792694649150913,0.014686540990793511,4362
129,spring,0,5,0,4,1,0.1304084427170502,-0.6531004081788221,-0.6645516967672507,-0.029477731496315284,0.19487067075843928,4803
130,spring,0,5,0,5,1,0.15135479052269074,0.031763387300600354,-0.6139654159172261,-0.21403396347324574,-0.014248136782113108,4182
131,spring,0,5,0,6,1,0.132776386948644,0.5776677231435129,0.0884522134677959,-0.02819609099647549,0.22117492327926347,4864
132,spring,0,5,0,7,2,0.025580805635854884,1.12952739633842,-0.012720348232253239,-0.03204101249599487,-0.11025865848312144,4105
133,spring,0,5,0,1,2,0.048924604766317714,1.4114149524228097,-0.46836322191156293,0.23710349247036205,-0.5074528715475669,3409
134,spring,0,5,0,2,2,0.17938652908984468,1.1473934083944048,-0.2848950952881285,1.1086190323614227,-0.3040333187198597,4553
135,spring,0,5,0,3,1,0.23291239620649454,0.7702252189479779,-0.550577376606262,0.07177186799102851,-0.2102148180622534,3958
136,spring,0,5,0,4,2,0.18871445893673042,1.008438713027777,0.9807795538210653,-0.049983979493752,-0.09622972380534853,4123
137,spring,0,5,0,5,2,0.14677381429895314,1.1612907836390207,0.20878670774491123,-0.23197693047100287,-0.15146865409907936,3855
138,spring,0,5,0,6,2,0.08622525899390035,0.9687332878345556,-0.7404463824601663,0.02306952899711631,0.07693993862341078,4575
139,spring,0,5,0,7,1,0.15372273475428452,0.44466360085899753,-0.5694849022186831,0.24607497596924063,0.15059184568171854,4917
140,spring,0,5,0,1,1,0.31207623895212944,0.0019867005406254646,-0.6138840056885396,1.975008010253124,-0.05151249451994739,5805
141,spring,0,5,0,2,1,0.32138941525240117,0.587591697306877,-0.33548137613815304,1.1009291893623838,-0.25449364313897416,4660
142,spring,0,5,0,3,2,0.3796511708322386,0.8754345907432618,0.5379893199956243,0.1525152194809356,-0.09929855326611135,4274
143,spring,0,5,0,4,2,0.4331954798821562,0.5459043358429122,0.2657738678254055,-0.0743351489907081,0.07387110916264795,4492
144,spring,0,5,0,5,1,0.4727681802883399,0.33349889171171876,-0.2721340419415323,0.029477731496315284,0.2514248136782113,4978
145,spring,0,5,0,6,1,0.6171537642291045,0.2441688314317941,0.1899605923611764,0.05254726049343159,0.11157387110916264,4677
146,spring,0,5,0,7,1,0.5519430881939357,0.1310174217438895,0.6075645366867561,0.19737263697532842,0.06291100394563788,4679
147,spring,0,5,1,1,1,0.4611018133030889,0.49230629967495737,0.4998282752988646,1.6456264017942968,-0.397851819377466,4758
148,spring,0,5,0,2,1,0.4727976873815684,0.9171219522072266,0.3354406710238098,2.0993271387375843,-0.5398947829899167,4788
149,spring,0,5,0,3,1,0.6776580588943142,0.279900855543764,-0.5062698596436775,1.0663248958667093,-0.4890398947829899,4098
150,spring,0,5,0,4,1,0.8779042587034405,0.04962939935658529,-0.7087370983868054,-0.05639218199295098,-0.15585269618588338,3982
151,spring,0,6,0,5,2,0.8616163432412622,0.2421821308911683,0.2657738678254055,-0.26145466196731815,-0.08921525646646208,3974
152,spring,0,6,0,6,1,0.57751836124981,-1.5305216994627093,1.132741921942855,0.024351169496956104,0.2487943884261289,4968
153,spring,0,6,0,7,1,0.36798480384698734,-1.2962768421942796,0.7341777948513117,0.23197693047100287,0.3285839544059623,5312
154,spring,0,6,0,1,1,0.3958800721079593,-0.809925879871317,-0.5885247194527197,1.4764498558154437,-0.08395440596229724,5342
155,spring,0,6,0,2,2,0.4774229242451488,0.12506208439189453,-0.43028358744349,1.2406280038449216,-0.19443226654975887,4906
156,spring,0,6,0,3,1,0.4960640303923063,-0.12506208439189453,-0.6012043625706296,-0.05639218199295098,0.0922840859272249,4548
157,spring,0,6,0,4,1,0.6218085081859134,-0.13498605855525903,0.06953451157678885,0.05895546299263057,0.17777290661990355,4833
158,spring,0,6,0,5,1,0.8848974397986147,-0.019852712596610398,-0.4493641097918697,-0.05254726049343159,0.0265234546251644,4401
159,spring,0,6,0,6,2,0.9966555554018734,-0.27593221873239443,-0.31640085378977334,-0.19737263697532842,-0.13700131521262604,3915
160,spring,0,6,0,7,1,0.7964241091393615,-0.10124073498391463,-0.41133535671672544,0.1256007689842999,0.04669004822446295,4586
161,spring,0,6,0,1,1,0.7032775925900313,0.1349860585552587,-0.265855278054092,1.2970201858378725,-0.18741779921087243,4966
162,spring,0,6,0,2,1,0.5752426266845555,0.5796544236841387,-0.17714865762165094,0.9612303748798462,-0.2943884261288908,4460
163,spring,0,6,0,3,1,0.42154386644351943,-0.6272971225000982,1.265674649109194,0.18711951297661006,0.21591407277509864,5020
164,spring,0,6,0,4,1,0.3842616541492047,-0.5677437489801483,0.8986468093550529,0.01281640499839795,0.21898290223586148,4891
165,spring,0,6,0,5,1,0.37027529195885617,-0.7364751311067518,-0.13293272716633886,0.06664530599166933,0.3272687417799211,5180
166,spring,0,6,0,6,2,0.39827752343278156,0.2957801670591231,0.25945439882362226,-0.22044216597244473,-0.1939938623410785,3767
167,spring,0,6,0,7,1,0.41685592700682833,0.5220829864349322,-0.3861490672168641,0.18711951297661006,0.13875493204734765,4844
168,spring,0,6,0,1,1,0.5775626218896528,0.21042350786045003,-0.6265229436921064,1.3969881448253765,-0.15453748355984218,5119
169,spring,0,6,0,2,2,0.5845410494382127,0.1925574958044651,-0.8036716013137576,1.181672540852291,-0.24528715475668567,4744
170,spring,0,6,0,3,2,0.39827752343278156,0.5717123857915178,-0.25949510393796554,-0.02306952899711631,-0.15497588776852259,4010
171,summer,0,6,0,4,2,0.5542962788789152,0.6868504960200482,-0.10125397192873561,0.07305350849086831,0.17382726874177992,4835
172,summer,0,6,0,5,1,0.7615209062366013,0.38709692787967354,-0.08866591531809782,-0.07177186799102851,0.07957036387549321,4507
173,summer,0,6,0,6,2,0.7615356597832156,0.36724421528306284,0.5884840143383764,0.03716757449535405,0.16637439719421307,4790
174,summer,0,6,0,7,1,0.624143256937625,-0.2521108693244145,0.41773623594719517,0.3229734059596283,0.1567295046032442,4991
175,summer,0,6,0,1,1,0.5751983660447126,-0.680895158668053,0.2910008624396101,1.3649471323293816,-0.10718982902235862,5202
176,summer,0,6,0,2,1,0.5542335763058045,-0.5379670622201734,-0.8796548206303696,1.5418135213072732,-0.12253397632617273,5305
177,summer,0,6,0,3,2,0.5519283346473214,0.15285207061124362,-0.7468065565762929,0.17558474847805192,0.08307759754493643,4708
178,summer,0,6,0,4,1,0.7568329667999097,0.037718724652595334,-0.37338801387026765,0.019224607497596923,0.11025865848312144,4648
179,summer,0,6,0,5,1,0.6171537642291045,-0.6114130467148573,0.8227114185477944,0.16789490547901315,0.3123629986847874,5225
180,summer,0,6,0,6,1,0.5519430881939357,-0.9151352516666011,0.04413452022662561,0.39730855495033646,0.36102586584831214,5515
181,summer,0,7,0,7,1,0.6078368995421793,-1.095782072767076,-0.7974844239335895,0.6779878244152515,0.1979395002192021,5362
182,summer,0,7,0,1,1,0.6637012037971944,-0.8655106165798973,-0.6707490504260045,1.905799423261775,-0.3285839544059623,5119
183,summer,0,7,0,2,2,0.6683743896872713,0.267990180839774,0.48727074752398425,2.005767382249279,-0.5688294607628234,4649
184,summer,0,7,1,3,2,0.6567264646352882,0.05558473670858027,-1.0124969789172948,3.0092918936238386,-0.3009644892590969,6043
185,summer,0,7,0,4,1,0.7707750683504152,-0.1707180826672289,-0.5568154353793588,0.40243511694969564,-0.013371328364752301,4665
186,summer,0,7,0,5,1,0.7312908892239176,0.5578150105469021,-0.31640085378977334,0.08586991348926626,0.0791319596668128,4629
187,summer,0,7,0,6,1,0.735857111901041,0.11910674703989955,-0.22158846620585096,0.04742069849407241,0.07606313020604998,4592
188,summer,0,7,0,7,2,0.6754118314222882,0.6272971225000985,0.44932340467752646,-0.03204101249599487,-0.13875493204734765,4040
189,summer,0,7,0,1,1,0.6520827858384399,-0.08138802238730422,-0.13293272716633886,1.6289650752963794,-0.13875493204734765,5336
190,summer,0,7,0,2,1,0.7474902834064097,-0.22828951991643462,0.025399991350163242,1.3149631528356296,-0.23081981587023234,4881
191,summer,0,7,0,3,1,0.8942106160988861,0.045655998275334356,1.0314879500141194,0.00768984299903877,-0.13217886891714162,4086
192,summer,0,7,0,4,1,0.9291433260948747,-0.31960151646710333,0.19618847485568772,-0.07049022749118872,-0.03003068829460763,4258
193,summer,0,7,0,5,1,0.745199795294541,0.025808049948605374,-0.3545618984865331,0.03973085549503364,-0.030907496711968435,4342
194,summer,0,7,0,6,1,0.5449204000055328,-0.7146404822393974,0.6074424213437267,0.21916052547260492,0.23301183691363436,5084
195,summer,0,7,0,7,1,0.5053329460527349,-0.16674944585585938,0.018907525612421046,0.7702659404037168,0.24353353792196406,5538
196,summer,0,7,0,1,1,0.5565720134441697,-0.19652613261583426,0.2784942160576588,2.180070490227491,-0.06992547128452434,5923
197,summer,0,7,0,2,1,0.673014380097466,-0.10520937179528414,0.651872053649341,1.6520346042934957,-0.16155195089872862,5302
198,summer,0,7,0,3,1,0.7987588578910729,0.11910674703989955,0.3544296068649176,0.15892342198013457,-0.02082419991231916,4458
199,summer,0,7,0,4,1,0.959402850200787,0.11513811022853038,-0.5126300337598043,0.04485741749439282,0.054581323980710215,4541
200,summer,0,7,0,5,1,0.9570828549956897,0.38511022733904776,-0.6834185172653287,-0.09355975648830503,0.010302498903989479,4332
201,summer,0,7,0,6,2,1.2503870500744598,0.30967754230373884,0.41769553083285194,-0.10893944248638257,-0.22468215694870672,3784
202,summer,0,7,0,7,1,1.3039608662176063,-0.21836078148318872,-0.4871893372952978,-0.19865427747516823,-0.3680403331871986,3387
203,summer,0,7,0,1,1,1.168932719216956,-0.6014890725514928,-0.5063105647580207,0.34604293495674465,-0.5990793511617711,3285
204,summer,0,7,0,2,1,1.1340479582474636,-0.3593069416603241,-0.12012079242681342,0.42678628644665173,-0.4859710653222271,3606
205,summer,0,7,0,3,1,0.86158314776138,0.6233237214188468,-0.917561458362484,-0.19096443447612946,-0.1720736519070583,3840
206,summer,0,7,0,4,1,0.7731393241953559,-0.40694964047628396,0.19622917997003095,0.04229413649471323,0.07693993862341078,4590
207,summer,0,7,0,5,1,0.7498582276380035,-1.0640186854664755,0.025318581121476773,0.04870233899391221,0.1036825953529154,4656
208,summer,0,7,0,6,1,0.9314485677533577,-0.2044681705084547,-0.025399991350163242,-0.14226209548221724,0.052389302937308195,4390
209,summer,0,7,0,7,1,1.1013614757235004,-0.3990076025836635,-0.06957521669113209,-0.06023710349247036,-0.21416045594037703,3846
210,summer,0,7,0,1,1,0.8895374302088093,-0.7642698815959826,-0.1265725530502124,1.0791413008651074,-0.3281455501972819,4475
211,summer,0,7,0,2,1,0.8941811090056576,-0.6928058333720429,-0.16446901450374093,1.0342838833707144,-0.38864533099517756,4302
212,summer,0,8,0,3,1,0.7964241091393615,-0.3593069416603241,-0.24685616593439874,0.01537968599807754,-0.055896536606751424,4266
213,summer,0,8,0,4,1,0.8103625223032133,-0.6431764340154577,0.25313492982183877,0.10765780198654278,0.16637439719421307,4845
214,summer,0,8,0,5,2,0.7102818388451666,0.14888343379987445,-0.46192163756675003,-0.32041012495994875,-0.24441034633932485,3574
215,summer,0,8,0,6,2,0.6544064694301909,0.6253104219594727,0.1646013061253564,0.10509452098686319,0.049320473476545376,4576
216,summer,0,8,0,7,1,0.6240842427511679,0.021834648867354447,0.03786593261777133,0.3921819929509773,0.078255151249452,4866
217,summer,0,8,0,1,2,0.6963286721347,0.6133997472554827,0.4810835701438162,1.030438961871195,-0.39083735203857956,4294
218,summer,0,8,0,2,1,0.8406847489822362,0.6034757730921185,0.20873582635198226,0.7446331304069208,-0.5162209557211749,3785
219,summer,0,8,0,3,1,0.7963909136594792,-0.16278080904448985,0.11397432016098859,0.16533162447933356,-0.08088557650153441,4326
220,summer,0,8,0,4,1,0.873249514746631,-0.26600348029914855,-0.3038026209005498,0.24351169496956104,0.013371328364752301,4602
221,summer,0,8,0,5,1,0.7288934378990953,-0.962777950482561,0.19622917997003095,0.21403396347324574,0.10149057430951337,4780
222,summer,0,8,0,6,1,0.6054726436972392,-0.9647646510231864,-0.16464201123969963,0.12175584748478052,0.13831652783866724,4792
223,summer,0,8,0,7,1,0.6147710664508964,-1.0064520124871512,-0.563297724838515,0.4280679269464915,0.08307759754493643,4905
224,summer,0,8,0,1,2,0.5845853100780559,0.49230629967495737,0.31016279501667626,1.0086510733739187,-0.4465146865409908,4150
225,summer,0,8,0,2,2,0.5053956486258457,0.9111666148552316,0.4239234133273632,0.7958987504005126,-0.518412976764577,3820
226,summer,0,8,0,3,1,0.47507342194682295,0.4089315767470277,0.2847220985521698,0.0743351489907081,-0.04449802718106094,4338
227,summer,0,8,0,4,1,0.5845078539583305,-0.22828951991643462,0.563297724838515,0.00512656199935918,0.14883822884699693,4725
228,summer,0,8,0,5,1,0.6613517014988686,-0.24218213089116863,-0.37965660147912217,-0.06280038449214995,0.1584831214379658,4694
229,summer,0,8,0,6,1,0.6450748511966514,0.1349860585552587,0.5315375593722254,-0.099967958987504,-0.21854449802718107,3805
230,summer,0,8,0,7,2,0.5379751679368551,0.4605476766442391,-0.4240149998346354,0.1025312399871836,-0.13524769837790443,4153
231,summer,0,8,0,1,1,0.5961594673969677,0.22828951991643495,-0.7785667220425826,1.5341236783082346,-0.1698816308636563,5191
232,summer,0,8,0,2,1,0.6940086769296027,0.6848637954794224,0.689737986267112,0.6818327459147709,-0.45615957913195965,3873
233,summer,0,8,0,3,1,0.5565388179642875,-0.7444171689993723,0.9746330815552405,0.1486702979814162,0.11420429636124507,4758
234,summer,0,8,0,4,1,0.4378207167457365,-0.8138945166826865,-0.34815084297747734,0.7228452419096444,0.416264796142043,5895
235,summer,0,8,0,5,1,0.5286472380899693,-0.10124073498391463,0.7340455032296963,0.2973405959628324,0.22643577378342833,5130
236,summer,0,8,0,6,2,0.5845705565314417,0.6928058333720433,0.30384332601489306,-0.3614226209548222,-0.24441034633932485,3542
237,summer,0,8,0,7,1,0.6357616748963795,0.6431764340154577,-0.9872262263051713,0.06536366549182954,0.10017536168347216,4661
238,summer,0,8,0,1,2,0.5465875507729477,1.066005386007101,1.9807312164977828,-0.6292854854213393,-1.2167908811924595,1115
239,summer,0,8,0,2,1,0.5923346104372125,-0.30722394331471703,1.2586428406064043,0.8945850688881769,-0.3268303375712407,4334
240,summer,0,8,0,3,1,0.444795455907643,-0.3414409296043392,-0.2152282920897242,0.01537968599807754,0.105436212187637,4634
241,summer,0,8,0,4,1,0.3959095792011878,-0.3712176163643141,-0.5695357836116121,0.0743351489907081,0.33516001753616836,5204
242,summer,0,8,0,5,1,0.456461822892894,-0.13498605855525903,-0.9936291407913583,-0.03716757449535405,0.30929416922402453,5058
243,summer,0,9,0,6,1,0.4704776921764711,0.061540074060575246,-0.39869641871315864,0.08458827298942646,0.29263480929416924,5115
244,summer,0,9,0,7,2,0.43317703794888845,0.4803956249709674,-0.4176955308328522,0.2024991989746876,0.08220078912757563,4727
245,summer,0,9,1,1,1,0.5379456608436265,0.4307709898842642,0.04426681184824105,1.5610381288048703,-0.4890398947829899,4484
246,summer,0,9,0,2,1,0.656770725275131,0.5518596731949071,0.259413693709279,2.31207946171099,-0.5460324419114424,4940
247,summer,0,9,0,3,2,0.5100356390360403,0.7821358936519679,0.32280173302024306,0.6651714194168535,-0.6793073213502849,3351
248,summer,0,9,0,4,3,0.10266808669552852,1.2420785080212438,1.658407768571072,-0.6574815764178148,-0.5078912757562473,2710
249,summer,0,9,0,5,3,0.20973826286209593,1.3856069024742041,-0.8543413276481857,-0.7677026594040371,-0.7832091188075405,1996
250,summer,0,9,0,6,3,0.25079738308966937,1.4927172179522454,0.11980532779065356,-0.7228452419096444,-0.8660675142481368,1842
251,summer,0,9,0,7,2,0.33778798231418605,1.294294905923536,-0.5759366628420821,-0.3844921499519385,-0.2356422621657168,3544
252,summer,0,9,0,1,1,0.44481020945425725,0.6074444099034877,-0.2784942160576588,1.3239346363345081,-0.030469092503288032,5345
253,summer,0,9,0,2,1,0.4494833953443341,0.41687361463964845,-0.6708304606546908,1.1739826978532522,-0.11025865848312144,5046
254,summer,0,9,0,3,1,0.42329953849062024,0.31407972767433345,-0.9368485591661557,-0.03460429349567446,0.1571679088119246,4713
255,summer,0,9,0,4,1,0.4285518010853081,0.41091827728765346,-0.3986150084844722,-0.02050624799743672,0.17426567295046033,4763
256,summer,0,9,0,5,1,0.5146608758996207,0.3374675285230879,-0.13916060966085017,-0.08971483498878564,0.20758439281017096,4785
257,summer,0,9,0,6,2,0.24456400964513128,0.39503896577229436,0.9176052163604033,-0.37039410445370075,-0.19004822446295486,3659
258,summer,0,9,0,7,2,-0.09549048626767535,-0.1707180826672289,-0.17088007001279668,0.03204101249599487,0.15497588776852259,4760
259,summer,0,9,0,1,2,-0.032651442850754026,0.43870826350700254,0.08853362369648238,0.9189362383851329,-0.25756247259973697,4511
260,summer,0,9,0,2,1,0.01170140665846006,0.32754355435972377,-0.025359286235820008,0.8151233578981096,-0.3259535291538799,4274
261,summer,0,9,0,3,2,0.1560574835059961,0.30372220495174385,-0.2974831518987663,-0.033322652995834666,0.08044717229285402,4539
262,summer,0,9,0,4,2,0.1654333623793783,1.2148888198069754,-0.4683225167972197,-0.35757769945530277,-0.20232354230600613,3641
263,summer,0,9,0,5,2,0.23298985232621952,1.3042188800869001,-0.8606160210241915,-0.2281320089714835,0.0651030249890399,4352
264,summer,0,9,0,6,2,0.24932940520154737,1.3141428542502642,-0.5378163232596657,-0.20762576097404678,0.2523016220955721,4795
265,autumn,0,9,0,7,2,0.12821016427152065,1.6496284465026088,-1.0441706460156053,-0.5882729894264659,-0.6696624287593161,2395
266,autumn,0,9,0,1,2,0.2841809706911578,1.1255587595270509,-1.044001719791081,1.3572572893303427,-0.0076720736519070585,5423
267,autumn,0,9,0,2,2,0.3145179509167948,1.042184036599121,-1.3289792429357548,1.0599166933675104,-0.08702323542306006,5010
268,autumn,0,9,0,3,2,0.37502593396865824,1.0580633481144803,-0.7151379776172753,-0.04229413649471323,0.12341078474353354,4630
269,autumn,0,9,0,4,2,0.32148162491874044,1.2347415324035862,-0.6391110003027444,-0.30759371996155077,-0.009425690486628672,4120
270,autumn,0,9,0,5,2,0.323816373670452,1.060050048655106,-0.32916190713636984,-0.3037487984620314,-0.10412099956159579,3907
271,autumn,0,9,0,6,1,0.321433675892244,0.3473962669563345,-0.0823464463163143,-0.08202499198974687,0.22862779482683035,4839
272,autumn,0,9,0,7,1,0.21195129485423975,0.10124073498391463,0.25949510393796527,0.14482537648189683,0.31017097764138535,5202
273,autumn,0,10,0,1,2,-0.27479033827116106,0.6074444099034877,1.1328335084501273,-0.3037487984620314,-0.7520824199912319,2429
274,autumn,0,10,0,2,2,-0.5239261031733957,0.7880912310039628,0.4176141206041657,-0.1294456904838193,-0.5973257343270495,2918
275,autumn,0,10,0,3,2,-0.35157148323858795,0.6411897334748318,-0.9935019373090358,-0.49599487343800064,-0.18610258658483123,3570
276,autumn,0,10,0,4,1,-0.053505580990055056,0.3990076025836635,0.253175634936182,-0.29605895546299266,0.13393248575186323,4456
277,autumn,0,10,0,5,1,0.1467000465658816,0.10322743552454043,-0.03790663773211457,-0.2024991989746876,0.264138535729943,4826
278,autumn,0,10,0,6,1,-0.02559555918246914,-0.025808049948605374,-0.4683225167972197,-0.099967958987504,0.20232354230600613,4765
279,autumn,0,10,0,7,1,0.06284826438355531,0.27593221873239476,-1.6137878398559038,0.2973405959628324,0.16286716352476985,4985
280,autumn,0,10,1,1,1,0.09544622562783259,0.3573202411196987,-1.3796062289001223,1.9455302787568087,-0.21503726435773785,5409
281,autumn,0,10,0,2,1,0.1350631866738591,0.4823823255115932,-1.1959671407964465,2.1531560397308556,-0.24134151687856203,5511
282,autumn,0,10,0,3,1,0.20492860666583682,0.5121590122715681,-1.4111526925161104,1.0214674783723166,-0.026961858833844804,5117
283,autumn,0,10,0,4,2,0.2166244807443166,0.8694792533912667,-0.38601677559524866,-0.06408202499198974,0.10149057430951337,4563
284,autumn,0,10,0,5,3,0.11195175590257148,1.333995566846875,0.6835915140012871,-0.6408202499198975,-0.6424813678211311,2416
285,autumn,0,10,0,6,2,0.23767779176291062,1.288339568571541,-0.3987880052204309,-0.5472604934315924,-0.45659798334064006,2913
286,autumn,0,10,0,7,2,0.1560574835059961,0.4287842893436384,0.4366437615596165,-0.24094841396988145,-0.24090311266988162,3644
287,autumn,0,10,0,1,1,0.04190191657791504,-0.680895158668053,0.7846724891940644,1.5148990708106376,-0.15190705830775975,5217
288,autumn,0,10,0,2,1,0.05823778106658919,-0.6650110828828121,1.025178657290922,1.3213713553348285,-0.16286716352476985,5041
289,autumn,0,10,0,3,1,0.08616255642078963,-0.22233418256443965,-0.056946454966151056,-0.00512656199935918,0.08439281017097765,4570
290,autumn,0,10,0,4,2,0.1304084427170502,0.35930694166032445,-0.7213760363903722,-0.1025312399871836,0.1957474791758001,4748
291,autumn,0,10,0,5,3,0.09768138793989779,1.2814313772432264,0.6346334377249908,-0.593399551425825,-0.6551950898728628,2424
292,autumn,0,10,0,6,1,-0.07686413366713214,0.047642698815959825,2.455536022754159,-0.31528356296058957,0.026085050416484,4195
293,autumn,0,10,0,7,1,-0.23520288431836306,-0.2481374682431636,0.41133535671672544,-0.05254726049343159,-0.016001753616834723,4304
294,autumn,0,10,0,1,1,-0.22820970322318893,0.01389737524461542,-0.8986498622386286,1.0022428708747197,-0.37505480052608503,4308
295,autumn,0,10,0,2,1,-0.23986131666182567,0.547891036383538,-0.8289850942959414,1.156039730855495,-0.395659798334064,4381
296,autumn,0,10,0,3,1,-0.1117488946366248,0.6947877696427867,-0.6327915313009609,-0.02306952899711631,-0.07737834283209119,4187
297,autumn,0,10,0,4,1,-0.08848255162588695,-0.01587931151535947,-0.14569378051293536,-0.02819609099647549,0.1435773783428321,4687
298,autumn,0,10,0,5,2,-0.05354984162989809,0.44863700194024914,-0.32902961551475435,-0.40115347644985583,-0.07650153441473038,3894
299,autumn,0,10,0,6,2,-0.11182635075634977,0.8893319659878776,0.17083936489845344,-0.6113425184235822,-0.5460324419114424,2659
300,autumn,0,10,0,7,2,-0.6216867914263453,-0.19255749580446477,0.4935902165257675,-0.3345081704581865,-0.16374397194213064,3747
301,autumn,0,10,0,1,3,-0.956957449849468,1.2208441571589705,1.7339971659064137,-0.8458827298942646,-1.356641823761508,627
302,autumn,0,10,0,2,1,-0.6124031222193024,-0.011910674703989956,-0.04434822207692752,0.21531560397308555,-0.5341955282770715,3331
303,autumn,0,10,0,3,1,-0.48429070019410153,0.36724421528306284,-0.7594047894655164,-0.4549823774431272,-0.1567295046032442,3669
304,autumn,0,11,0,4,1,-0.3329746377312735,0.273945518191769,-0.4620437529097797,-0.39346363345081703,-0.002849627356422622,4068
305,autumn,0,11,0,5,1,-0.35862736690687286,0.44069496404762837,-1.0062640082834906,-0.44472925344440883,0.0664182376150811,4186
306,autumn,0,11,0,6,1,-0.30039511842026395,0.36128887793106784,-0.4493641097918697,-0.5113745594360782,-0.003726435773783428,3974
307,autumn,0,11,0,7,2,-0.3097230482671499,-0.017866012055984933,0.9240468007052159,-0.3165652034604293,-0.0387987724682157,4046
308,autumn,0,11,0,1,1,-0.6030899459190309,-0.5101723117309427,0.08229556492338533,0.5626401794296699,-0.3921525646646208,3926
309,autumn,0,11,0,2,1,-0.4610723062098601,0.5161276490829373,-0.9048828328724327,0.30118551746235184,-0.42415607189829024,3649
310,autumn,0,11,0,3,1,-0.31902147102080713,0.6312657593114677,-1.2593144749930674,-0.44088433194488946,-0.0010960105217010083,4035
311,autumn,0,11,0,4,1,-0.2770660728364154,0.45459233929224413,-1.1391071841982745,-0.4370394104453701,0.07211749232792634,4205
312,autumn,0,11,0,5,1,-0.28874719336828086,0.6292790587708419,-1.20873022939876,-0.5280358859339955,0.06115738711091626,4109
313,autumn,0,11,0,6,2,-0.4191611686653111,0.8913139022586208,0.0823464463163143,-0.6754245434155719,-0.4039894782989917,2933
314,autumn,0,11,0,7,1,-0.6659289893359522,-0.8575685786872768,1.3605684469218027,-0.3550144184556232,-0.32288469969311706,3368
315,autumn,0,11,1,1,1,-0.47736022167203807,-0.34937820322707824,0.31634997239684437,0.7151553989106055,-0.3825076720736519,4067
316,autumn,0,11,0,2,1,-0.2095538435294172,-0.8000019057079525,1.025219362405265,0.3678308234540211,-0.41714160455940374,3717
317,autumn,0,11,0,3,1,0.13738318187895643,-0.18660215845246977,1.2783542922271038,-0.15636014098045498,0.09929855326611135,4486
318,autumn,0,11,0,4,2,0.07455889200864935,0.2977668675997489,0.18986900585390418,-0.34347965395706503,0.03572994300745287,4195
319,autumn,0,11,0,5,3,-0.1304822104501215,1.4471469765347795,-0.44924199444884,-0.7330983659083627,-0.8735203857957037,1817
320,autumn,0,11,0,6,2,-0.6054246946707424,-0.24020019462042458,1.2657967644522239,-0.7407882089074015,-0.3290223586146427,3053
321,autumn,0,11,0,7,1,-0.7916882206761737,-1.0302733618951312,-0.12661325816455563,-0.6049343159243832,-0.2268741779921087,3392
322,autumn,0,11,0,1,1,-0.6007699507139334,-0.5915650983881283,0.4428818203327135,0.28965075296379367,-0.41407277509864093,3663
323,autumn,0,11,0,2,2,-0.11178209011650674,0.27791415500313815,0.05062698596436781,0.08971483498878564,-0.4083735203857957,3520
324,autumn,0,11,0,3,3,-0.15602797641276733,1.35186157890286,-0.4367760531812319,-0.6369753284203781,-0.4907935116177115,2765
325,autumn,0,11,1,4,3,-0.24221081896015148,1.601985747686649,-0.6327915313009609,-0.8305030438961871,-0.9322665497588777,1607
326,autumn,0,11,0,5,2,-0.20960179255591366,0.6272971225000985,1.5757967390115268,-0.7753925024030759,-0.5306882946076282,2566
327,autumn,0,11,0,6,1,-0.42377165198227723,-0.36724421528306317,-0.13911990454650694,-0.20121755847484782,-1.196624287593161,1495
328,autumn,0,11,0,7,1,-0.3935268814229795,0.08337472292792969,-0.8352608052998058,0.48446010893944247,-0.8625602805786936,2792
329,autumn,0,11,0,1,1,-0.3772389659608018,0.26402154402840483,-1.145382895202139,0.6818327459147709,-0.8090749671196843,3068
330,autumn,0,11,0,2,1,-0.11642208052670164,0.3434228658750829,0.2847220985521698,0.11919256648510093,-0.6153003068829461,3071
331,autumn,0,11,0,3,1,0.010170726197227338,0.5564333722812395,-0.3953789518941871,-0.5946811919256648,-0.022139412538360367,3867
332,autumn,0,11,0,4,2,-0.1327431914687615,0.9746886251865505,0.7847640757013363,-0.7958987504005126,-0.3711091626479614,2914
333,autumn,0,11,0,5,1,-0.6496853345136172,-0.061540074060575246,0.9177273317034327,-0.6779878244152515,-0.1049978079789566,3613
334,autumn,0,12,0,6,1,-0.6705874216794149,-0.48436902605221865,0.39873712382750187,-0.6856776674142903,-0.052389302937308195,3727
335,autumn,0,12,0,7,1,-0.5751356634716017,-0.0019867005406254646,-0.8163512444316676,-0.5754565844280679,0.003288031565103025,3940
336,autumn,0,12,0,1,1,-0.6519610690788716,-0.0635220103313193,-0.8669344723981164,-0.014098045498237744,-0.33165278386672514,3614
337,autumn,0,12,0,2,1,-0.5099729364629296,0.7126537816987716,-0.9872689666752317,-0.10637616148670298,-0.3566418237615081,3485
338,autumn,0,12,0,3,2,-0.34464100471652453,0.9568226131305656,-1.2086030259164375,-0.6203140019224608,-0.037921964050854885,3811
339,autumn,0,12,0,4,3,-0.11420904853455781,1.5404456736260734,0.5251773852560988,-0.7574495354053188,-0.5245506356861026,2594
340,autumn,0,12,0,5,3,-0.3213267126792902,1.6397044723392447,0.8670189355103787,-0.8548542133931433,-1.319377466023674,705
341,autumn,0,12,0,6,1,-0.8499020272295147,-0.22034748202381418,0.6012450676849729,-0.7266901634091637,-0.21591407277509864,3322
342,autumn,0,12,0,7,1,-0.6263710424763829,0.331512191171093,-0.9999038341673641,-0.5844280679269465,-0.13393248575186323,3620
343,autumn,0,12,0,1,1,-0.814958252073565,-0.5657570484395229,0.5316698509938408,-0.27555270746555593,-0.4281017097764139,3190
344,autumn,0,12,0,2,1,-0.8638588823266344,-0.6491317713674526,-1.1645051402927207,-0.4357577699455303,-0.5692678649715037,2743
345,autumn,0,12,0,3,1,-0.8010013969764452,0.2124054441311934,-1.1959671407964465,-0.7356616469080423,-0.21810609381850066,3310
346,autumn,0,12,0,4,1,-0.6868753371415927,-0.17270478320785435,-0.4113760618310687,-0.7202819609099648,-0.1299868478737396,3523
347,autumn,0,12,0,5,2,-0.5495788323489953,0.17866012055984934,-1.2213233741486909,-0.6908042294136495,-0.04493643138974134,3740
348,autumn,0,12,0,6,2,-0.27709926831629755,0.037718724652595334,0.8860180476300719,-0.6869593079141301,-0.059842174484875055,3709
349,autumn,0,12,0,7,2,-0.47041498960336015,-0.5995023720108673,0.8100317754298844,-0.6908042294136495,-0.11639631740464708,3577
350,autumn,0,12,0,1,2,-0.8778120490371008,-0.31166424284436434,0.6328831178082331,-0.5664851009291894,-0.5263042525208242,2739
351,autumn,0,12,0,2,1,-0.8917984112274492,-0.1905707952638393,-0.11393361504664562,-0.6369753284203781,-0.6372205173169663,2431
352,autumn,0,12,0,3,1,-0.761399189477033,0.0535980361679548,-0.08221415469469885,-0.5857097084267863,-0.22862779482683035,3403
353,autumn,0,12,0,4,2,-0.3353130748696385,-0.14689673325924898,-1.2150904035148864,-0.6421018904197373,-0.05721174923279263,3750
354,winter,0,12,0,5,2,-0.21889652692291744,1.10570604693044,0.4113760618310687,-0.7818007049022749,-0.4872862779482683,2660
355,winter,0,12,0,6,2,-0.2258897080180916,0.6253104219594727,-1.360568446921803,-0.6280038449214995,-0.36102586584831214,3068
356,winter,0,12,0,7,1,-0.4051748064749628,0.2858561928957589,0.949151679976391,-0.7100288369112464,-0.7095572117492328,2209
357,winter,0,12,0,1,1,-0.6938685182367669,-0.3990076025836635,0.09493450292695209,-0.7202819609099648,-1.2312582200789128,1011
358,winter,0,12,1,2,1,-0.764984301304306,0.262292114061385,-0.2634027949149136,-0.5305991669336751,-1.4088119245944761,754
359,winter,0,12,0,3,1,-0.6337736344901037,-0.5683440469852294,0.595210534483592,-0.3678308234540211,-1.2176676896098202,1317
360,winter,0,12,0,4,2,-0.5891515327551788,0.6491317713674526,0.07606768242887428,-0.7869272669016341,-1.1422621657167908,1162
361,winter,0,12,0,5,1,-0.7649363522778094,-0.5828464845048076,1.1497770122954887,-0.5921179109259853,-0.7091188075405523,2302
362,winter,0,12,0,6,1,-0.8242529864405688,-0.2481374682431636,-0.6264822385777634,-0.593399551425825,-0.6556334940815431,2423
363,winter,0,12,0,7,1,-0.6216867914263453,0.04962939935658529,-0.47460128068466,-0.28965075296379367,-0.5070144673388864,2999
364,winter,0,12,0,1,1,-0.2701503478609662,-0.04962939935658529,0.39869641871315864,-0.06664530599166933,-0.8086365629110039,2485
365,winter,1,1,1,2,1,-0.4121532340235227,0.31563287965573383,0.11389290993230239,-0.03973085549503364,-0.9015782551512495,2294
366,winter,1,1,0,3,1,-0.8669940109821714,-1.1669888504174093,1.513110862922983,-0.606215956424223,-0.8581762384918895,1951
367,winter,1,1,0,4,1,-1.33183769254531,-0.8813899280952567,1.8795179496833903,-0.8048702338993913,-0.665278386672512,2236
368,winter,1,1,0,5,2,-1.3574277191477986,-1.0084387130277768,0.03790663773211457,-0.7971803909003524,-0.6100394563787812,2368
369,winter,1,1,0,6,1,-0.7706976122306902,-0.4863509623229627,-0.5188680925329011,-0.7395065684075617,-0.23345024112231477,3272
370,winter,1,1,0,7,1,-0.542552455773939,-0.40099430312428896,-0.13297343228068212,-0.5254726049343159,0.05545813239807102,4098
371,winter,1,1,0,1,1,-0.3562446691286648,-0.45061893821099286,-0.06326592396793458,0.45241909644344763,-0.09359929855326611,4521
372,winter,1,1,0,2,1,-0.5425856512538212,-0.7682385184073521,0.10753273581617563,-0.1512335789810958,-0.3676019289785182,3425
373,winter,1,1,0,3,2,-0.8847904765856606,0.35930694166032445,-0.8352180649297456,-0.7830823454021147,-0.6113546690048225,2376
374,winter,1,1,0,4,1,-0.6216351540131954,0.09658127903971345,0.06692938425882348,-0.6972124319128484,-0.1049978079789566,3598
375,winter,1,1,0,5,2,-0.7544355154750874,1.0540947113031112,-0.5063105647580207,-0.8010253123998718,-0.6924594476106971,2177
376,winter,1,1,0,6,2,-0.3888536955329026,0.8416892671719177,-8.141022868646821e-05,-0.5741749439282281,0.07167908811924595,4097
377,winter,1,1,0,7,1,-0.8778452445169829,-0.5657570484395229,2.0060803264550167,-0.6959307914130086,-0.2737834283209119,3214
378,winter,1,1,0,1,1,-1.1222930699825264,-0.803970542519322,0.06317433746066237,-0.49214995193848127,-0.6595791319596668,2493
379,winter,1,1,0,2,1,-1.201453224341508,-0.9865992998905408,0.7152193878459614,-0.5549503364306312,-0.7178868917141604,2311
380,winter,1,1,0,3,1,-1.0943498526950584,-0.49429300021558314,0.5127114439884904,-0.6408202499198975,-0.6942130644454186,2298
381,winter,1,1,0,4,2,-0.4539906038350002,0.4280077133529382,1.7111921255956302,-0.756167894905479,-0.37549320473476544,2935
382,winter,1,1,0,5,1,-0.7823455372826734,-0.8714659539318922,2.385869219555754,-0.7792374239025953,-0.17426567295046033,3376
383,winter,1,1,0,6,1,-1.0966550943535414,-0.6133997472554827,0.39873712382750187,-0.7523229734059597,-0.22029811486190268,3292
384,winter,1,1,0,7,2,-0.9826101790250674,-0.8397025666312918,0.22158846620585096,-0.7715475809035566,-0.2702761946514686,3163
385,winter,1,1,1,1,2,-1.152582101181667,0.9766753257271764,0.4240149998346354,-0.8330663248958667,-1.0655414291977203,1301
386,winter,1,1,0,2,2,-1.199147982683025,0.809925879871317,0.18991988724683317,-0.6677347004165332,-0.8257343270495396,1977
387,winter,1,1,0,3,2,-0.9010968339811064,1.357816916254855,-0.7150565673885888,-0.7330983659083627,-0.6039017974572556,2432
388,winter,1,1,0,4,1,-0.5099434293697008,0.9985099745945305,-0.5821645453365931,-0.356296058955463,0.10324419114423498,4339
389,winter,1,1,0,5,1,-0.7101748756322127,0.08337472292792969,-0.20254864897181418,-0.32041012495994875,0.06071898290223586,4270
390,winter,1,1,0,6,2,-0.484338649220598,0.6828770949387967,-1.0947559092377712,-0.606215956424223,0.07299430074528715,4075
391,winter,1,1,0,7,2,-0.2654956039041573,0.547891036383538,1.6454228370955881,-0.5741749439282281,-0.2093380096448926,3456
392,winter,1,1,0,1,1,-0.5937767696187591,-0.395038965772294,0.3038026209005498,0.0743351489907081,-0.18259535291538798,4023
393,winter,1,1,0,2,1,-0.7916882206761737,-1.5007450127027344,0.6011636574562864,-0.2037808394745274,-0.42941692240245505,3243
394,winter,1,1,0,3,1,-0.8289261723306456,-1.0739474238997215,0.3543074915218879,-0.7574495354053188,-0.07299430074528715,3624
395,winter,1,1,0,4,1,-0.39114418364477144,-0.9985099745945308,0.8226707134334509,-0.5036847164370394,0.22818939061814994,4509
396,winter,1,2,0,5,1,-0.07681618464063594,-0.5637703478988975,0.0823464463163143,-0.5293175264338353,0.2676457693993862,4579
397,winter,1,2,0,6,2,-0.3260294056625956,0.22233418256443999,0.0632150425750056,-0.6754245434155719,-0.04099079351161771,3761
398,winter,1,2,0,7,1,-0.6566010594890663,-0.4744402876189728,-0.025226994614204565,-0.5216276834347965,0.07737834283209119,4151
399,winter,1,2,0,1,2,-0.7916734671295593,0.7305197937547565,-0.6012043625706296,-0.42678628644665173,-0.5333187198597107,2832
400,winter,1,2,0,2,2,-0.8219329912354714,0.29379823078837974,-0.05066769107871104,-0.5113745594360782,-0.45396755808855765,2947
401,winter,1,2,0,3,1,-0.7042550150532281,-0.019419164037385327,-0.2765403705691846,-0.6549182954181352,-0.037921964050854885,3784
402,winter,1,2,0,4,1,-0.4656975430734405,-0.6193550846074777,-0.34188225536862304,-0.6638897789170137,0.2242437527400263,4375
403,winter,1,2,0,5,2,-0.8149250565936829,0.4605476766442391,-0.4808698682935143,-0.7792374239025953,-0.4259096887330118,2802
404,winter,1,2,0,6,1,-0.8312756746289716,-0.30570890549236934,0.13292255088775312,-0.7100288369112464,0.0010960105217010083,3830
405,winter,1,2,0,7,2,-0.7148333079756752,-0.41091827728765346,-0.6517499383063111,-0.6280038449214995,-0.0265234546251644,3831
406,winter,1,2,0,1,3,-1.0198296887462714,0.5002483375675781,1.107392811985621,-0.6728612624158924,-0.7398071021481806,2169
407,winter,1,2,0,2,1,-1.4226347067963139,-0.7702252189479776,2.32260329558782,-0.8253764818968279,-0.9682156948706707,1529
408,winter,1,2,0,3,1,-0.956957449849468,-1.0243180245431363,-0.13933360639680886,-0.7984620314001922,-0.14752301622095573,3422
409,winter,1,2,0,4,2,-0.5658667478111733,-0.559801711087528,-0.40497518260059895,-0.7459147709067606,0.05370451556334941,3922
410,winter,1,2,0,5,1,-0.5006450066160436,-0.4526056387516183,0.006360174116126484,-0.7382249279077219,0.1593599298553266,4169
411,winter,1,2,0,6,2,-0.579823602908293,0.6034757730921185,-0.9112857473586197,-0.8240948413969882,-0.32156948706707583,3005
412,winter,1,2,0,7,1,-0.5006450066160436,0.03970066092333938,0.25309422470749554,-0.47164370394104455,0.061595791319596666,4154
413,winter,1,2,1,1,1,-0.48664389087908105,-0.43672632723625887,0.10129467704307858,0.9202178788849728,-0.3426128890837352,4318
414,winter,1,2,0,2,2,-0.8172598053453944,-0.5260563875161836,0.7340862083440398,-0.1268824094841397,-0.6985971065322227,2689
415,winter,1,2,0,3,1,-0.7892170016182799,-0.5642038964581225,0.4895604102057898,-0.27555270746555593,-0.4548443665059185,3129
416,winter,1,2,0,4,1,-0.7090978667293695,-0.1519897377626749,0.2517814847699271,-0.7100288369112464,-0.022139412538360367,3777
417,winter,1,2,0,5,1,-0.3492809951267192,-0.2779141550031385,0.544390199226094,-0.41396988144825375,0.31323980710214816,4773
418,winter,1,2,0,6,1,-0.1583000225913682,-0.3414409296043392,0.1011318565857059,-0.2576097404677988,0.3864533099517755,5062
419,winter,1,2,0,7,2,-0.281768765819721,0.530025024327553,0.5758959577277386,-0.6036526754245434,-0.18566418237615082,3487
420,winter,1,2,0,1,1,-0.8545604595729772,-1.0977687733077013,2.449094438409346,-0.5126561999359179,-0.5477860587461639,2732
421,winter,1,2,0,2,1,-0.8079650709783909,-1.0302733618951312,0.2468154608200555,-0.2588913809676386,-0.34655852696185885,3389
422,winter,1,2,0,3,1,-0.47731596103219504,-0.6451631345560831,0.8859264611227994,-0.5946811919256648,0.17733450241122314,4322
423,winter,1,2,0,4,1,-0.49365182552086945,-1.0977687733077013,0.12661325816455563,-0.6254405639218199,0.20583077597544935,4363
424,winter,1,3,0,6,1,-0.04423666532962635,-0.051611335627329336,0.4682309302899475,-0.5024030759371996,0.43862341078474354,4990
425,winter,1,3,0,7,2,-0.4703522870302494,0.14689673325924865,-0.3670685448684844,-0.6036526754245434,-0.314116615519509,3194
426,winter,1,3,0,1,2,-0.2724703430660635,-0.023821349407979912,-0.20246723874312772,0.306312079461711,-0.24309513371328365,4066
427,winter,1,3,0,2,1,-0.679930105072915,-1.0620367491957314,1.563035685664931,-0.008971483498878564,-0.41714160455940374,3423
428,winter,1,3,0,3,1,-0.9080568195963985,-0.5717123857915178,0.48727074752398425,-0.6587632169176546,-0.2343270495396756,3333
429,winter,1,3,0,4,1,-0.8568952083246888,-0.8079391793306915,0.20250794385747095,-0.6356936879205383,0.030907496711968435,3956
430,winter,1,3,0,5,1,-0.37719101693430535,-0.5379670622201734,1.677091416054606,-0.36526754245434156,0.3592722490135905,4916
431,winter,1,3,0,6,1,0.1373536747857279,-0.279900855543764,2.6518160841171183,-0.29605895546299266,0.5398947829899167,5382
432,winter,1,3,0,7,2,-0.3329930796645412,-1.0441707371397466,2.3794683403252845,-0.34604293495674465,0.20056992547128452,4569
433,winter,1,3,0,1,1,-0.7730766216222448,-1.3141428542502647,0.4556428736793097,0.3216917654597885,-0.2255589653660675,4118
434,winter,1,3,0,2,1,-0.47098668953466405,-0.7112721434331088,0.4234553045124162,1.206023710349247,-0.18040333187198598,4911
435,winter,1,3,0,3,1,-0.10243571833635305,-0.6531004081788221,0.27209333682718906,0.1550785004806152,0.34875054800526084,5298
436,winter,1,3,0,4,1,0.20494336021245133,-0.041687361463964845,0.5696171938402985,0.05767382249279077,0.6227531784305129,5847
437,winter,1,3,0,5,1,0.2259229034979738,-0.5677437489801483,-0.6707490504260045,0.3588593399551426,0.7235861464270057,6312
438,winter,1,3,0,6,1,0.16767590146475064,-0.22233418256443965,-0.31640085378977334,0.36911246395386094,0.667470407715914,6192
439,winter,1,3,0,7,2,-0.18860749572377666,1.0282866613545054,-0.6897786913814552,-0.21659724447292533,0.07255589653660675,4378
440,winter,1,3,0,1,2,0.06521620861514936,0.6173683840668519,-0.715097272502932,3.12463953860942,0.44563787812363,7836
441,winter,1,3,0,2,2,-0.08617730996740389,0.8754345907432618,-0.5504552612632324,1.9096443447612945,0.00898728627794827,5892
442,winter,1,3,0,3,1,0.16766114791813638,0.4883376628635882,-0.18986900585390418,0.33963473245754566,0.6604559403770276,6153
443,winter,1,3,0,4,1,0.18872921248334468,0.8655106165798976,-0.6075645366867564,0.4280679269464915,0.6039017974572556,6093
444,spring,1,3,0,5,2,0.09550523981428988,0.9290326269112166,-0.9302818065947372,0.519064402435117,0.6328364752301622,6230
445,spring,1,3,0,6,1,0.163035911054556,0.9766753257271764,-0.645308353961498,0.7907721884011535,0.8209118807540552,6871
446,spring,1,3,0,7,2,0.3050387972171125,0.3235749175483546,-0.658150817536781,2.245434155719321,0.9769837790442788,8362
447,spring,1,3,0,1,2,-0.002329216171731293,1.2347415324035862,0.12016149754115665,0.4049983979493752,-0.5811047786058746,3372
448,spring,1,3,0,2,2,-0.18396381692692831,1.2129021192663496,0.4050158877149422,1.044537007369433,-0.08790004384042087,4996
449,spring,1,3,0,3,1,-0.17930907297011944,-0.7066984443467769,2.094746241773115,0.099967958987504,0.4815870232354231,5558
450,spring,1,3,0,4,1,-0.6333347164783285,-1.601985747686649,0.06326592396793458,-0.23838513297020186,0.39741341516878564,5102
451,spring,1,3,0,5,1,-0.06054302272507225,-0.6908191328314174,1.1264733343340008,-0.05511054149311118,0.5960105217010083,5698
452,spring,1,3,0,6,1,-0.018665080660405443,-0.8913139022586212,1.4111954328861707,0.14995193848125601,0.7165716790881193,6133
453,spring,1,3,0,7,2,-0.4121532340235227,-0.21637884521244466,-0.4366437615596165,0.1012495994873438,0.4377466023673827,5459
454,spring,1,3,0,1,2,-0.24216655832030873,0.5339936611389222,0.7086963932724623,2.0301185517462352,0.1181499342393687,6235
455,spring,1,4,0,2,2,-0.25847291571575437,0.2382134940797991,-0.08861503392516884,2.089074014738866,0.012932924156071899,6041
456,spring,1,4,0,3,1,-0.22075547379631805,-0.5807740271063133,1.3347614044282075,0.6292854854213393,0.46624287593160896,5936
457,spring,1,4,0,4,1,-0.09546097917444685,-1.0937953722264504,-0.822670713433451,0.8087151553989106,0.7713722051731696,6772
458,spring,1,4,0,5,1,0.1699811431232337,-0.7464038695399977,0.0,0.4370394104453701,0.7512056115738711,6436
459,spring,1,4,0,6,1,-0.2072928625107769,-1.20099144456236,0.3923362445970322,0.6087792374239026,0.7016659359929855,6457
460,spring,1,4,0,7,1,-0.35628892976850757,-1.187098833587626,1.2151799547664417,1.3969881448253765,0.4333625602805787,6460
461,spring,1,4,0,1,1,-0.2258602009248628,-1.772703830353878,0.9555118540925178,3.24895866709388,-0.026085050416484,6857
462,spring,1,4,0,2,1,0.018665080660405706,-1.6694811590992193,0.5253096768777142,1.9391220762576098,-0.3180622533976326,5169
463,spring,1,4,0,3,1,-0.039563479439549507,-1.4709683259427595,1.8034502672545163,0.24094841396988145,0.4451994739149496,5585
464,spring,1,4,0,4,1,-0.1885927421771624,-0.9111666148552316,0.6960574552688953,0.13072733098365907,0.6288908373520385,5918
465,spring,1,4,0,5,1,-0.5535917970280825,-0.7464896263978665,1.1631384660786472,-0.30118551746235184,0.31367821131082857,4862
466,spring,1,4,0,6,1,-0.3679552967537588,-0.7622831810553572,1.1138343963304336,-0.06920858699134892,0.4741341516878562,5409
467,spring,1,4,0,7,1,-0.20491385311922256,-1.0382153997877517,-0.2595358090523088,0.6856776674142903,0.6494958351600175,6398
468,spring,1,4,0,1,1,0.002329216171731293,-0.5875916973068773,0.10117256170004915,2.663248958667094,0.43862341078474354,7460
469,spring,1,4,0,2,1,0.3190841735939181,-0.5637703478988975,0.44932340467752646,2.7286126241589232,0.2724682156948707,7132
470,spring,1,4,1,3,1,0.47049244572308535,-0.3076908417631134,1.0568472362499393,0.6164690804229414,0.6608943445857081,6370
471,spring,1,4,0,4,1,0.40986274591165417,-1.1235720589864253,0.9428729160889507,0.3486062159564242,0.8932485751863218,6691
472,spring,1,4,0,5,2,-0.11185585784957829,-0.2719588176511435,-0.13293272716633886,-0.4742069849407241,0.15585269618588338,4367
473,spring,1,4,0,6,1,0.02095556877227451,-0.06550871087194475,-1.1707381109265247,0.16533162447933356,0.9007014467338886,6565
474,spring,1,4,0,7,1,0.10478890902133284,0.325556853819098,-0.31652296913280303,0.7984620314001922,1.0019728189390618,7290
475,spring,1,4,0,1,1,0.20491385311922256,0.2699768813803998,1.0442082982463727,2.337712271707786,0.1834721613327488,6624
476,spring,1,4,0,2,3,-0.36094736211197015,0.9965280383237871,1.6645440645583114,-0.7651393784043575,-1.2088996054362122,1027
477,spring,1,4,0,3,2,-0.6869232861680891,0.6689844839640633,1.246807828611116,-0.669016340916373,-0.28298991670320034,3214
478,spring,1,4,0,4,1,-0.3027483091052435,-0.8198498540346815,0.6961388654975817,-0.2550464594681192,0.635905304690925,5633
479,spring,1,4,0,5,1,-0.06287777147678382,-0.9449119384265761,-0.6327915313009609,-0.07946171099006728,0.8226654975887768,6196
480,spring,1,4,0,6,2,-0.01394763413048583,0.6213417851481035,-0.04426681184824105,-0.3101570009612304,0.38864533099517756,5026
481,spring,1,4,0,7,1,-0.12808844751195264,-1.0739474238997215,1.6959582365526837,0.3806472284524191,0.6814993423936869,6233
482,spring,1,4,0,1,2,-0.405208001954845,-0.651118471908078,-0.5189902078759308,0.5165011214354374,-0.2474791758000877,4220
483,spring,1,4,0,2,1,-0.13736842833234217,-0.18660215845246977,-0.6519636401566129,1.9378404357577699,0.17996492766330557,6304
484,spring,1,4,0,3,2,-0.10942889943152748,-0.267990180839774,-0.09501591315563856,-0.06664530599166933,0.5447172292854011,5572
485,spring,1,5,0,4,2,0.3306878380060584,0.1588074079632386,-0.253175634936182,-0.08202499198974687,0.6236299868478737,5740
486,spring,1,5,0,5,1,0.18637971018501884,0.8138945166826862,-0.4367353480668887,-0.06408202499198974,0.8055677334502411,6169
487,spring,1,5,0,6,2,0.18396750531358227,0.6769217575868016,-0.48112427525815943,0.06023710349247036,0.8735203857957037,6421
488,spring,1,5,0,7,1,0.3819416589441074,0.5201010501641888,-0.18354953685212094,0.4511374559436078,0.6850065760631302,6296
489,spring,1,5,0,1,2,0.3586716275467159,0.6213417851481035,-0.2847628036665133,2.280038449214995,0.3167470407715914,6883
490,spring,1,5,0,2,2,0.21898873658925666,0.541935699031543,-0.31644155890411657,1.8173662287728292,0.24528715475668567,6359
491,spring,1,5,0,3,2,0.14671480011249585,0.18064682110047514,0.5062291545293343,0.3729573854533803,0.7016659359929855,6273
492,spring,1,5,0,4,2,0.2585798789287084,0.28386949235513315,1.1708215564109286,0.026914450496635694,0.5811047786058746,5728
493,spring,1,5,0,5,2,0.24218131186692324,0.5617884116281537,0.3606167842450854,-0.12431912848446011,0.18960982025427445,4717
494,spring,1,5,0,6,1,0.01629713642881192,-0.3533516043083292,1.354340564427292,0.39602691445049665,0.8248575186321788,6572
495,spring,1,5,0,7,1,0.12344476871510457,-1.2665001554343047,0.5694849022186831,0.7715475809035566,0.8971942130644455,7030
496,spring,1,5,0,1,1,0.21190703421439672,-0.694787769642787,-0.5886163059599918,2.441525152194809,0.5008768084173608,7429
497,spring,1,5,0,2,1,0.3609953111384669,-0.2382134940797991,0.44920128933449677,1.8647869272669015,0.12341078474353354,6118
498,spring,1,5,0,3,2,0.23065510357450794,0.7781624925707163,0.32276102790589983,-0.4806151874399231,-0.5100832967996493,2843
499,spring,1,5,0,4,2,0.32841210344080385,0.8019838419786962,-0.3417499637470076,-0.11791092598526114,0.36190267426567296,5115
500,spring,1,5,0,5,1,0.4005975186378789,0.3414409296043395,-0.5949357749617753,0.35116949695610383,1.2137220517316967,7424
501,spring,1,5,0,6,1,0.31442942963710896,-0.5062036749195731,0.4935495114114243,0.6728612624158924,1.0861464270056993,7384
502,spring,1,5,0,7,1,0.2351586236785203,-0.49032436340421365,-0.4493641097918697,1.030438961871195,1.0756247259973695,7639
503,spring,1,5,0,1,1,0.2933871837784758,-0.809925879871317,-0.9870990228228489,3.451457866068568,0.5346339324857519,8294
504,spring,1,5,0,2,1,0.3563073717017758,-0.45657427556298785,0.7468574379692218,2.5466196731816724,0.3334064007014467,7129
505,spring,1,5,0,3,2,0.2888098959413916,0.8813899280952567,0.5314968542578821,-0.11150272348606216,0.028277071459886016,4359
506,spring,1,5,0,4,2,0.34471846083624974,0.6650110828828117,-0.6391517054170875,0.13072733098365907,0.6968434896975011,6073
507,spring,1,5,0,5,2,0.3586863810933301,0.7066984443467765,-0.8036716013137576,0.06280038449214995,0.36365629110039455,5260
508,spring,1,5,0,6,1,0.4401554654974484,0.4307709898842642,-0.08221415469469885,0.43832105094520984,0.8971942130644455,6770
509,spring,1,5,0,7,1,0.516980871104718,0.575681022602887,-0.4113760618310687,0.8971483498878564,0.7244629548443665,6734
510,spring,1,5,0,1,1,0.5729226314794581,0.5062036749195731,0.18334601128040476,2.7401473886574816,0.007233669443226655,6536
511,spring,1,5,1,2,1,0.568234692042767,0.3374675285230879,0.3479880225201044,3.2886895225889137,-0.1562911003945638,6591
512,spring,1,5,0,3,1,0.7079323365468407,0.2382134940797991,0.15820042689488667,2.358218519705223,-0.078255151249452,6043
513,spring,1,5,0,4,1,0.6846659935361027,0.27791415500313815,1.1644206771804582,0.20890740147388656,0.5254274441034634,5743
514,spring,1,5,0,5,2,0.4564913299861228,0.20843680731982422,-0.4746826909133465,0.035885933995514256,1.0721174923279264,6855
515,spring,1,5,0,6,1,0.5309967403882951,-0.6352343961228372,0.1455614888913199,0.49086831143864146,1.128233231039018,7338
516,spring,1,6,0,7,2,0.44481020945425725,0.6153864477961085,0.5758552526133957,-0.23582185197052227,-0.030907496711968435,4127
517,spring,1,6,0,1,1,0.2911003840532604,-0.36724421528306317,0.05685486845887885,2.663248958667094,0.7279701885138097,8120
518,spring,1,6,0,2,1,0.32372416400411275,-0.6332524598520931,0.031668578959017514,2.277475168215316,0.649934239368698,7641
519,spring,1,6,0,3,1,0.3353425819628673,-0.663029146612068,1.0568879413642829,0.4537007369432874,0.9918895221394125,6998
520,spring,1,6,0,4,2,0.14210431679552973,-0.061540074060575246,0.29104156755395333,0.3216917654597885,1.0383603682595353,7001
521,spring,1,6,0,5,1,0.20259385791412524,-0.07146404822393973,-1.0568065311355963,0.39730855495033646,1.0361683472161334,7055
522,spring,1,6,0,6,1,0.30273355555862946,-0.2818875560843894,-0.24041458158958554,0.4114066004485742,1.2238053485313458,7494
523,spring,1,6,0,7,1,0.4075575042531711,-0.7543411431627367,-0.056905749851808095,0.9881448253764819,1.132617273125822,7736
524,spring,1,6,0,1,1,0.5938394721918698,-0.9012426406918671,-0.3733473087559244,2.5517462351810316,0.49342393686979397,7498
525,spring,1,6,0,2,1,0.6497185299934992,-0.4188603151802739,-0.4808698682935143,1.931432233258571,0.31104778605874617,6598
526,spring,1,6,0,3,2,0.6357174142565367,-0.18262875737121884,0.27209333682718906,0.3844921499519385,0.8691363437088996,6664
527,spring,1,6,0,4,2,0.4076054532796676,0.9865992998905405,0.3416278484039779,-0.30759371996155077,0.36409469530907496,4972
528,spring,1,6,0,5,1,0.45644706934627977,-0.2104235078604497,1.6516507195900996,0.5844280679269465,1.132617273125822,7421
529,spring,1,6,0,6,1,0.5053772066925778,-0.2699768813803995,0.7404056773458231,0.593399551425825,1.1041209995615957,7363
530,spring,1,6,0,7,1,0.414535931801731,-0.17469148374847981,-0.04434822207692752,1.0842678628644664,1.0686102586584831,7665
531,spring,1,6,0,1,1,0.39592433274780203,-0.5816363599548824,-0.14560219400566313,2.8785645626401792,0.47106532222709335,7702
532,spring,1,6,0,2,1,0.31207623895212944,-0.1310174217438895,-0.3670685448684844,2.456904838192887,0.29789565979833404,6978
533,spring,1,6,0,3,2,0.2119992438807362,0.7225825201320182,-0.06338803931096428,-0.08202499198974687,0.3426128890837352,5099
534,spring,1,6,0,4,1,0.6171685177757187,0.30372220495174385,-0.33538978963088084,0.3216917654597885,0.9612012275317843,6825
535,spring,1,6,0,5,1,0.8616458503344908,-0.16278080904448985,-0.6834693986582577,0.19865427747516823,0.7341078474353354,6211
536,summer,1,6,0,6,1,0.9780771518278264,-0.2779141550031385,-0.63284241269389,0.07818007049022749,0.6411661551950899,5905
537,summer,1,6,0,7,1,0.873249514746631,-0.25012416878378907,0.018999112119693254,0.3165652034604293,0.5236738272687418,5823
538,summer,1,6,0,1,1,0.6101605831339303,-0.43672632723625887,-0.012761053346596472,2.4863825696892023,0.49824638316527836,7458
539,summer,1,6,0,2,1,0.6893207374929116,-0.7007431069947819,-0.36074907586670085,2.3505286767061837,0.29614204296361246,6891
540,summer,1,6,0,3,1,0.6147710664508964,-0.5816363599548824,1.2151290733735127,0.5408522909323935,0.8660675142481368,6779
541,summer,1,6,0,4,1,0.3959095792011878,-1.204964845643611,1.6960498230599563,0.4613905799423262,1.1839105655414293,7442
542,summer,1,6,0,5,1,0.5658999432910554,-1.2684868559749303,0.924006095590873,0.4613905799423262,1.1370013152126262,7335
543,summer,1,6,0,6,1,0.6939607279031061,-0.9707199883751814,-0.09489379781260886,0.26145466196731815,1.005480052608505,6879
544,summer,1,6,0,7,1,1.1037441735017084,-0.6550871087194475,-0.15832254223791636,0.14354373598205702,0.425032880315651,5463
545,summer,1,6,0,1,1,0.7382066141993667,-0.11910674703989955,-0.20254864897181418,0.9458506888817687,0.2487943884261289,5687
546,summer,1,7,0,2,1,0.9710212681595415,-0.5121590122715681,-0.12665396327889886,0.9022749118872156,0.1953090749671197,5531
547,summer,1,7,0,3,1,0.791798872275781,-0.8535999418759073,0.1454393735482902,0.23966677347004164,0.727093380096449,6227
548,summer,1,7,0,4,1,0.7940561649077676,-0.639207797204088,-0.5570291372296607,0.4293495674463313,0.8520385795703639,6660
549,summer,1,7,1,5,1,0.903553299492386,-0.41687361463964845,-0.46836322191156293,2.3646267222044215,0.5157825515124945,7403
550,summer,1,7,0,6,1,1.0106271640456075,-0.8019838419786965,0.13284114065906666,0.8817686638897789,0.5135905304690925,6241
551,summer,1,7,0,7,1,0.9780439563479442,-0.8357339298199223,-0.3544703119792608,0.8317846843960269,0.5157825515124945,6207
552,summer,1,7,0,1,1,1.1712416492620925,-0.639207797204088,-0.1772809492432664,0.93687920538289,-0.1194651468654099,4840
553,summer,1,7,0,2,1,1.1176973402121746,-0.25012416878378907,-0.5632163146098289,0.6228772829221403,-0.08570802279701885,4672
554,summer,1,7,0,3,2,0.6148153270907392,0.27195881765114316,0.0,0.3601409804549824,0.835817623849189,6569
555,summer,1,7,0,4,2,0.6544359765234194,0.19652613261583426,-0.29753403329169553,0.3037487984620314,0.7327926348092941,6290
556,summer,1,7,0,5,1,0.6008621603802731,0.0337453235713444,-0.2975747384060385,0.3306632489586671,1.1505918456817186,7264
557,summer,1,7,0,6,1,0.6171353222958366,-0.46054767664423873,-0.34802872763444764,0.4037167574495354,1.205392371766769,7446
558,summer,1,7,0,7,2,0.6660064454556774,-0.668984483964063,-1.0188998934034819,1.0176225568727972,1.0186321788689172,7499
559,summer,1,7,0,1,2,0.6590317062937713,0.3473962669563345,-0.3795344861360925,2.0993271387375843,0.416264796142043,6969
560,summer,1,7,0,2,1,0.803446797327764,0.4367263272362592,-0.14560219400566313,1.5418135213072732,0.1957474791758001,6031
561,summer,1,7,0,3,1,0.8732642682932453,0.08933006027992467,-0.17083936489845344,0.4754886254405639,0.9107847435335379,6830
562,summer,1,7,0,4,1,0.9896623743066987,-0.5736990863321434,-0.6771906347708174,0.26145466196731815,0.9647084612012276,6786
563,summer,1,7,0,5,1,0.9524096691056128,-0.2342448572684296,-0.443003935675743,0.10509452098686319,0.5477860587461639,5713
564,summer,1,7,0,6,1,0.8382872976574139,-0.12307538385126907,-0.15820042689488667,0.21916052547260492,0.8936869793950022,6591
565,summer,1,7,0,7,2,0.46348451108129696,1.038215399787752,0.2848543901737853,0.038449214995193846,0.6394125383603683,5870
566,summer,1,7,0,1,3,0.23069936421435072,1.1394561347716665,0.3289482052860679,0.7010573534123679,-0.20583077597544935,4459
567,summer,1,7,0,2,2,0.5007372162823831,0.6491317713674526,-0.8858877912641737,2.341557193207305,0.5267426567295046,7410
568,summer,1,7,0,3,1,0.7474607763131812,0.3235749175483546,-0.4303751739507622,0.5357257289330343,0.9498027181060938,6966
569,summer,1,7,0,4,1,0.8080720341913444,0.1369727590958845,0.31016279501667626,0.5421339314322332,1.2220517316966242,7592
570,summer,1,7,0,5,1,0.6148153270907392,-0.8397025666312918,-0.1646013061253564,0.8535725728933035,1.3702323542306005,8173
571,summer,1,7,0,6,1,0.929099065455032,-0.140941395907254,1.056684415792567,0.40884331944889457,0.9471722928540114,6861
572,summer,1,7,0,7,1,0.9104874664011032,-0.15087013434049992,-0.2847628036665133,0.6946491509131688,0.8682595352915388,6904
573,summer,1,7,0,1,1,0.7754445658538389,-0.061540074060575246,-0.24041458158958554,1.944248638256969,0.3448049101271372,6685
574,summer,1,7,0,2,1,0.6660064454556774,-0.011910674703989956,-0.10765485115920533,1.8404357577699455,0.3417360806663744,6597
575,summer,1,7,0,3,1,0.7289081914457095,0.20248146996782926,-0.2784026295503866,0.41396988144825375,1.0523893029373081,7105
576,summer,1,7,0,4,1,0.6474280418816305,0.37121761636431444,-0.1582411320092299,0.3216917654597885,1.132617273125822,7216
577,summer,1,8,0,5,1,0.6637012037971944,0.2441688314317941,-0.40497518260059895,0.4575456584428068,1.245725558965366,7580
578,summer,1,8,0,6,1,0.810425224876324,0.1588074079632386,-0.5253096768777142,0.34091637295738547,1.1457693993862341,7261
579,summer,1,8,0,7,2,0.8686242778830506,0.07741938557593471,0.3543074915218879,0.7830823454021147,0.9568171854449803,7175
580,summer,1,8,0,1,1,0.973374458844521,-0.061540074060575246,0.7783123150779376,2.086510733739186,0.3570802279701885,6824
581,summer,1,8,0,2,1,0.8989133090821915,0.12506208439189453,1.1137529861017477,1.268824094841397,0.04055238930293731,5464
582,summer,1,8,0,3,2,0.8220731499283076,0.1330041222845153,-0.5253096768777142,0.6613264979173342,0.9274441034633932,7013
583,summer,1,8,0,4,2,0.7755072684269496,0.3692309158236886,-0.6519636401566129,0.719000320410125,1.02170100832968,7273
584,summer,1,8,0,5,2,0.8127452200814212,0.22233418256443999,-0.7151379776172753,0.699775712912528,1.1427005699254713,7534
585,summer,1,8,0,6,1,0.7824672540422416,-0.027789986219349423,-0.25313492982183877,0.6139057994232617,1.0633494081543182,7286
586,summer,1,8,0,7,2,0.6660396409355597,0.4267975888030126,0.5885756008456489,0.44601089394424864,0.46317404647084615,5786
587,summer,1,8,0,1,2,0.556586766990784,0.508190375460199,0.2595358090523085,1.9609099647548862,0.1698816308636563,6299
588,summer,1,8,0,2,1,0.5798678635481358,-0.45657427556298785,-0.5949357749617753,1.8776033322652996,0.3057869355545813,6544
589,summer,1,8,0,3,1,0.6450600976500367,-0.3851102273390481,-0.4555207583362803,0.6280038449214995,0.8818500657606313,6883
590,summer,1,8,0,4,1,0.698633913793183,0.28784289343638475,-0.12025308404842887,0.5267542454341557,0.8730819815870232,6784
591,summer,1,8,0,5,1,0.6147526245176285,-0.031763387300600354,-0.11401502527533208,0.6164690804229414,1.0892152564664621,7347
592,summer,1,8,0,6,1,0.6171537642291045,-0.5101723117309427,-0.39869641871315864,0.7958987504005126,1.1409469530907497,7605
593,summer,1,8,0,7,1,-0.9035237923991575,-0.2640215440284045,0.5126707388741475,0.9817366228772829,0.8770276194651468,7148
594,summer,1,8,0,1,1,0.48209611013522563,-0.10918277287653506,-0.03162787384467428,2.7042614546619674,0.602148180622534,7865
595,summer,1,8,0,2,2,0.4285518010853081,0.4069496404762843,-0.9619127333229874,0.6292854854213393,-0.1418237615081105,4549
596,summer,1,8,0,3,2,0.4005680115446504,0.5141457128121939,-0.5189495027615876,0.39602691445049665,0.806444541867602,6530
597,summer,1,8,0,4,1,0.4192238712384221,0.22630281937580915,-1.1011160833538978,0.46651714194168536,0.9910127137220517,7006
598,summer,1,8,0,5,1,0.496049276845692,0.2421821308911683,-1.1264295763360819,0.4831784684396027,1.1470846120122753,7375
599,summer,1,8,0,6,1,0.5519430881939357,0.045655998275334356,-0.9807815890767825,0.8279397628965075,1.200131521262604,7765
600,summer,1,8,0,7,2,0.589166286301793,-0.0535980361679548,-1.1074762574700245,0.7792374239025953,1.1365629110039457,7582
601,summer,1,8,0,1,2,0.4844013517937087,0.4129049778282793,0.6455118795332142,1.425184235821852,0.24528715475668567,6053
602,summer,1,8,0,2,2,0.4006749747576041,1.0461526734104902,0.48727074752398425,0.9817366228772829,0.047128452433143356,5255
603,summer,1,8,0,3,1,0.6171537642291045,0.496279700756209,-0.5316291458794975,0.3486062159564242,0.992327926348093,6917
604,summer,1,8,0,4,1,0.6590612133869997,-0.02977668675997489,0.10125397192873561,0.2793976289650753,1.0699254712845243,7040
605,summer,1,8,0,5,1,0.5472403952106303,-0.3533516043083292,-0.6961897468905108,0.5895546299263057,1.2518632178868918,7697
606,summer,1,8,0,6,1,0.6101126341074339,-0.1707180826672289,-1.0568909942478586,0.5831464274271067,1.2610697062691802,7713
607,summer,1,8,0,7,1,0.7451850417479267,-0.1846154579118443,-0.12661325816455563,0.9176545978852931,0.9875054800526085,7350
608,summer,1,9,0,1,2,0.7940709184543818,0.057566672979324315,-0.6898295727743842,2.095482217238065,0.05414291977202981,6140
609,summer,1,9,1,2,2,0.596174220943582,0.8992559401512417,-1.1896497070503802,2.429990387696251,-0.20495396755808856,5810
610,summer,1,9,0,3,1,0.6427548559915536,0.7841178299227113,-0.3038026209005498,1.599487343800064,0.17733450241122314,6034
611,summer,1,9,0,4,1,0.7359198144741517,0.6133997472554827,0.5632163146098289,0.19224607497596924,1.0225778167470407,6864
612,summer,1,9,0,5,1,0.817414717584845,0.547891036383538,0.06953451157678885,0.14738865748157642,1.1466462078035948,7112
613,summer,1,9,0,6,2,0.6195180200740446,0.8774212912838876,-0.3923362445970322,-0.13585389298301825,0.8450241122314774,6203
614,summer,1,9,0,7,1,0.6264337450494938,0.524069686975558,-0.09493450292695209,0.42037808394745274,1.2251205611573872,7504
615,summer,1,9,0,1,2,0.456461822892894,0.8238232551159328,1.0189405985178248,1.0765780198654278,0.3307759754493643,5976
616,summer,1,9,0,2,1,0.33771052619446107,-0.3751862531756836,0.4428818203327135,2.37487984620314,0.8735203857957037,8227
617,summer,1,9,0,3,1,0.28876194691489515,-0.5836230604955078,0.7910835447031196,0.5139378404357577,1.2023235423060061,7525
618,summer,1,9,0,4,1,0.24685449775700008,-0.5062036749195731,-0.9048828328724327,0.45241909644344763,1.329460762823323,7767
619,summer,1,9,0,5,1,0.30506830431034104,-0.2342448572684296,-0.4999503906418943,0.42678628644665173,1.3833844804910127,7870
620,summer,1,9,0,6,1,0.3400452749461729,0.051611335627329336,-0.9998621114251623,0.4319128484460109,1.3526961858833846,7804
621,summer,1,9,0,7,1,0.393619091089319,0.22034748202381418,-0.7847131943084074,0.8484460108939442,1.300087680841736,8009
622,summer,1,9,0,1,1,0.3633153063435642,-0.5935470346588724,0.6771906347708174,3.131047741108619,0.8283647523016221,8714
623,summer,1,9,0,2,1,0.2794340170680094,-0.267990180839774,-0.9239216324786107,1.857097084267863,0.658702323542306,7333
624,summer,1,9,0,3,2,0.24227352153326248,0.5161276490829373,-0.2974831518987663,0.39090035245113747,0.9568171854449803,6869
625,summer,1,9,0,4,2,0.28659686394924805,1.1732014583430106,1.7972529135957624,-0.443447612944569,0.016440157825515125,4073
626,summer,1,9,0,5,1,0.1956301839121796,-0.42679758880301294,0.34802872763444764,0.09099647548862544,1.375931608943446,7591
627,summer,1,9,0,6,1,0.16534115271303906,-0.037718724652595334,-0.6391517054170875,0.2845241909644345,1.366286716352477,7720
628,summer,1,9,0,7,1,0.3120614854055152,0.20248146996782926,-0.2721747470558755,0.6831143864146108,1.4259096887330118,8167
629,summer,1,9,0,1,1,0.4541270741411824,0.09727209817254545,1.0441675931320293,2.3005446972124317,0.9725997369574748,8395
630,autumn,1,9,0,2,1,0.11643683407331615,-0.7583145442439877,0.4302835874434897,2.226209548221724,0.7840859272249013,7907
631,autumn,1,9,0,3,1,0.0558735252216491,-0.6352343961228372,-0.39250924133299087,0.36398590195450176,1.2145988601490574,7436
632,autumn,1,9,0,4,1,0.20955384352941744,-0.267990180839774,0.5632163146098289,0.16404998397949375,1.3277071459886014,7538
633,autumn,1,9,0,5,1,0.4029507093228584,0.021834648867354447,0.6454304693045277,0.08971483498878564,1.4386234107847435,7733
634,autumn,1,9,0,6,2,0.4448581584807537,0.30769084176311307,-0.47455039929173104,0.04357577699455303,1.305348531345901,7393
635,autumn,1,9,0,7,2,0.36330055279694995,0.30372220495174385,-0.1709207751271399,0.42037808394745274,1.1861025865848311,7415
636,autumn,1,9,0,1,1,0.1583479716178649,-0.397020902043038,0.4745096941773878,2.3992310157000962,1.0089872862779483,8555
637,autumn,1,9,0,2,1,0.11175258302327848,-0.2044681705084547,-0.46828181168287675,1.6635693687920539,0.5302498903989479,6889
638,autumn,1,10,0,3,2,0.09086524940409524,0.10918277287653541,-0.9176031811046859,0.05895546299263057,1.030469092503288,6778
639,autumn,1,10,0,4,3,0.20274508176692177,1.1692328215316414,-0.7784853118138961,-0.5152194809355976,0.289127575624726,4639
640,autumn,1,10,0,5,2,0.4122454436898622,0.798015205167327,-1.1644634175505189,0.014098045498237744,1.3939061814993423,7572
641,autumn,1,10,0,6,2,0.4448581584807537,0.4605476766442391,-0.6454711744188709,0.22300544697212432,1.2154756685664183,7328
642,autumn,1,10,0,7,1,0.3423652701512702,0.005955337351994978,-0.7594047894655164,1.0240307593719962,1.30447172292854,8156
643,autumn,1,10,0,1,1,0.1886849518435019,0.18064682110047514,0.8858450508941129,2.9657161166292854,0.556554142919772,7965
644,autumn,1,10,0,2,2,-0.24915605102882946,0.39106556469104276,-0.4051481793365576,0.08202499198974687,-0.4101271372205173,3510
645,autumn,1,10,0,3,2,-0.3679405432071443,0.3970209020430377,0.08857432881082561,0.20121755847484782,0.41188075405523894,5478
646,autumn,1,10,0,4,2,-0.18166226365509897,0.6451631345560834,0.09489379781260886,-0.1486702979814162,0.9322665497588777,6392
647,autumn,1,10,0,5,1,0.05819352042674642,0.021834648867354447,0.06966680319840429,0.08074335148990708,1.4232792634809295,7691
648,autumn,1,10,0,6,1,-0.20727810896416263,-0.7761805562999726,0.00631946900178325,0.14995193848125601,1.3465585269618587,7570
649,autumn,1,10,0,7,1,-0.20025542077575997,-0.414886914099023,0.5507096682278773,0.43960269144504965,1.1212187637001316,7282
650,autumn,1,10,0,1,1,-0.3539689345634103,-0.6272971225000982,-0.3544703119792608,1.9673181672540851,0.522797018851381,7109
651,autumn,1,10,1,2,1,0.0768641336671324,0.06749541141257057,0.9935813122820047,1.7468760012816404,0.3921525646646208,6639
652,autumn,1,10,0,3,2,0.19100494704859922,0.38709692787967354,1.170902966639615,0.05511054149311118,0.635905304690925,5875
653,autumn,1,10,0,4,1,-0.09781048147277267,-0.32357491754835427,0.012679643117910004,0.26273630246715796,1.2921964050854888,7534
654,autumn,1,10,0,5,1,-0.13741637735883838,0.3176195801963596,-0.8100724805442273,0.3357898109580263,1.2352038579570364,7461
655,autumn,1,10,0,6,2,0.0931704910625783,0.4863509623229624,0.5694849022186831,0.3729573854533803,1.243533537921964,7509
656,autumn,1,10,0,7,2,0.18637971018501884,0.8992559401512417,-0.4683225167972197,0.04613905799423262,0.44125383603682594,5424
657,autumn,1,10,0,1,1,-0.053564595176512346,-0.25409280559515857,-0.6455627609261432,2.677347004165332,0.7099956159579132,8090
658,autumn,1,10,0,2,1,-0.11410208532160432,-0.5538463737355329,-0.15184025277876018,1.8135213072733098,0.45046032441911443,6824
659,autumn,1,10,0,3,1,-0.01631188997542618,-0.27593221873239443,-1.012455256175093,0.14482537648189683,1.123849188952214,7058
660,autumn,1,10,0,4,1,0.15837747871109342,0.07345074876456553,-0.8795276171480471,0.15892342198013457,1.297895659798334,7466
661,autumn,1,10,0,5,1,0.2631903622456745,0.047642698815959825,-1.101030602613777,0.099967958987504,1.417580008768084,7693
662,autumn,1,10,0,6,2,0.15610543253249257,0.8297785924679277,-0.5759773679564251,0.2024991989746876,1.2360806663743973,7359
663,autumn,1,10,0,7,2,0.13051540593000371,0.861537215498646,-0.49363092164011074,0.5959628324255046,1.1387549320473476,7444
664,autumn,1,10,0,1,2,0.10242096478973906,0.44665030139962336,0.5568154353793588,2.4684396026914452,0.6771153003068829,7852
665,autumn,1,10,0,2,2,-0.07226840389678055,0.325556853819098,2.208588270312488,0.3601409804549824,-0.08921525646646208,4459
666,autumn,1,10,0,3,3,-0.17691162164529714,1.2089334824549804,1.8034909723688597,-0.9163729573854534,-1.59776413853573,22
667,autumn,1,10,0,4,2,-0.6545244978031048,0.9490663817633278,0.32598690821759946,-0.8074335148990708,-1.164182376150811,1096
668,autumn,1,10,0,5,2,-0.46571229662005476,0.1925574958044651,-0.14560219400566313,-0.3819288689522589,0.649934239368698,5566
669,autumn,1,11,0,6,2,-0.43309958182916325,-0.21240544413119375,-0.24045528670392877,-0.3216917654597885,0.8134590092064884,5986
670,autumn,1,11,0,7,1,-0.4843681563138265,-0.49627970075620864,0.8670189355103787,-0.1268824094841397,0.685883384480491,5847
671,autumn,1,11,0,1,2,-0.6031194530122594,-0.6431764340154577,0.911326452472963,0.399871835950016,0.19487067075843928,5138
672,autumn,1,11,0,2,1,-0.5821251561801224,-0.44466360085899787,-0.018999112119693524,0.6203140019224608,0.1058746163963174,5107
673,autumn,1,11,0,3,1,-0.6612889989257574,-0.6292790587708422,0.5632570197241719,-0.4344761294456905,0.5333187198597107,5259
674,autumn,1,11,0,4,1,-0.7590607523386678,-0.2818875560843894,-0.07593539080725883,-0.3216917654597885,0.6819377466023674,5686
675,autumn,1,11,0,5,2,-0.7846802860343851,-0.3751862531756836,1.2530357111056274,-0.5011214354373599,0.4579131959666813,5035
676,autumn,1,11,0,6,1,-0.5365625158485363,-1.394844821774619,1.698013844827016,-0.4831784684396027,0.5745287154756685,5315
677,autumn,1,11,0,7,1,-0.4866881515189238,-0.40694964047628396,0.3417499637470076,-0.01025312399871836,0.7095572117492328,5992
678,autumn,1,11,0,1,1,-0.3445967440766815,0.09131676082055047,-1.252997041247001,1.7596924062800385,0.3426128890837352,6536
679,autumn,1,11,1,2,1,-0.24214811638704076,0.15682547169249522,-0.5441764973757921,2.0160205062479974,0.393467777290662,6852
680,autumn,1,11,0,3,1,-0.04419240468978358,0.5498777369241638,-0.0758946856929156,0.4870233899391221,0.6608943445857081,6269
681,autumn,1,11,0,4,2,-0.6054099411241283,0.17469148374848015,1.639103368093805,-0.49983979493752,0.04493643138974134,4094
682,autumn,1,11,0,5,1,-0.759075505885282,-0.3533516043083292,0.18978759562521771,-0.44088433194488946,0.6389741341516879,5495
683,autumn,1,11,0,6,2,-0.6007367552340513,-0.027789986219349423,-0.28481368505944227,-0.5088112784363986,0.6402893467777291,5445
684,autumn,1,11,0,7,1,-0.5169661175581037,-0.48436902605221865,-0.10125397192873561,-0.2986222364626722,0.6793073213502849,5698
685,autumn,1,11,0,1,1,-0.593762016072145,-0.3851102273390481,-0.012679643117910004,0.7638577379045178,0.2856203419552828,5629
686,autumn,1,11,0,2,1,-0.5518508785275962,0.3176195801963596,0.47459110440607427,0.26273630246715796,0.036168347216133274,4669
687,autumn,1,11,0,3,2,-0.4121532340235227,-0.01389737524461542,0.5504552612632324,-0.34347965395706503,0.6074090311266989,5499
688,autumn,1,11,0,4,2,-0.393541634969594,0.279900855543764,-0.999819371055102,-0.23454021147068246,0.629329241560719,5634
689,autumn,1,11,0,5,1,-0.45172593442970643,-0.05955337351994978,-0.7909919581958476,-0.13072733098365907,0.3798772468215695,5146
690,autumn,1,11,0,6,1,-0.5052849970262382,-0.21836078148318872,-1.3036240272113688,0.3050304389618712,-0.9620780359491451,2425
691,autumn,1,11,0,7,1,-0.40050530897153963,-0.273945518191769,-0.3353490845165376,1.1355334828580583,-0.5951337132836475,3910
692,autumn,1,11,0,1,1,-0.8801320442421982,-1.0560814118437365,1.9934922698443793,-0.23710349247036205,-0.8415168785620342,2277
693,autumn,1,11,0,2,1,-0.8475230178379601,-0.7523592068919926,-0.31012208990233303,-0.5229093239346363,-0.6793073213502849,2424
694,autumn,1,11,0,3,1,-0.5472108881174015,-0.43275292615500793,-1.3669286210379294,-0.4870233899391221,0.4758877685225778,5087
695,autumn,1,11,0,4,2,-0.75909394781855,0.764269881595983,0.5758450763348096,-0.7612944569048382,0.07518632178868917,3959
696,autumn,1,11,1,5,1,-0.728834423712638,-0.5717123857915178,0.30372121067186336,-0.6651714194168535,0.6126698816308637,5260
697,autumn,1,11,0,6,1,-0.6968929952926968,-0.33634792510091327,-0.6660679622765353,-0.6074975969240628,0.6205611573871109,5323
698,autumn,1,11,0,7,1,-0.6030419968925345,0.11116470914727877,-1.2466368671308745,-0.4549823774431272,0.7196405085488821,5668
699,autumn,1,12,0,1,2,-0.6287242331613624,0.8595552792279026,-1.2340854451231458,0.29990387696251203,0.2523016220955721,5191
700,autumn,1,12,0,2,2,-0.4726907241686147,0.9389566010745807,-0.5759366628420821,0.2242870874719641,0.04055238930293731,4649
701,autumn,1,12,0,3,1,-0.11643683407331588,0.6729531207754325,-0.9998621114251623,-0.20762576097404678,0.8831652783866725,6234
702,autumn,1,12,0,4,1,-0.06753620382024642,0.5121590122715681,-0.06966680319840429,-0.21275232297340596,1.0480052608505042,6606
703,autumn,1,12,0,5,1,-0.21891496885618514,-0.6729531207754325,1.4556759465847136,-0.49471323293816083,0.7599736957474792,5729
704,autumn,1,12,0,6,1,-0.8452325297260914,-0.559801711087528,-0.06330662908227781,-0.4831784684396027,0.6008329679964928,5375
705,autumn,1,12,0,7,2,-0.6100831270142051,0.6570738092600734,-0.5126300337598043,-0.47164370394104455,0.43599298553266114,5008
706,autumn,1,12,0,1,2,-0.3609326085653559,1.357816916254855,-0.809991070315541,0.5587952579301506,0.33516001753616836,5582
707,autumn,1,12,0,2,2,-0.3585794178803764,1.3300269300355059,-0.23405440747345904,-0.3537327779557834,-0.38469969311705393,3228
708,autumn,1,12,0,3,2,-0.19101970059521348,1.4233256271267998,0.09497520804129533,-0.49727651393784045,0.5157825515124945,5170
709,autumn,1,12,0,4,2,-0.5495751439623416,-0.140941395907254,1.170902966639615,-0.5575136174303108,0.6814993423936869,5501
710,autumn,1,12,0,5,2,-0.7008912064251698,-0.4188603151802739,-0.18355971313070668,-0.5216276834347965,0.5894344585708022,5319
711,autumn,1,12,0,6,1,-0.7125096243839243,-0.668984483964063,-0.06966680319840429,-0.3742390259532201,0.6323980710214818,5532
712,autumn,1,12,0,7,1,-0.71249487083731,0.07940608611656051,-0.5062291545293343,-0.36911246395386094,0.665278386672512,5611
713,autumn,1,12,0,1,1,-0.5495013762292703,0.11513811022853038,-0.7594047894655164,0.06408202499198974,0.2698377904427883,5047
714,autumn,1,12,0,2,2,-0.4331143353757775,1.0124073498391462,-0.8164733597746971,-0.22941364947132328,-0.18259535291538798,3786
715,autumn,1,12,0,3,2,-0.31670147581570984,1.3379642036582442,-0.841748182898255,-0.6472284524190964,0.31060938185006576,4585
716,autumn,1,12,0,4,1,-0.28642719816318357,0.1905707952638393,0.4114167669454119,-0.36398590195450176,0.6398509425690486,5557
717,autumn,1,12,0,5,1,-0.5355629630654182,-0.0039686368113695135,0.03171946035194649,-0.49214995193848127,0.556554142919772,5267
718,autumn,1,12,0,6,2,-0.5611788083744819,0.19851283315646007,-0.493671626754454,-0.5165011214354374,0.0655414291977203,4128
719,winter,1,12,0,7,2,-0.6845553419364954,-0.3315121911710933,1.9681736887229022,-0.6356936879205383,-0.11508110477860588,3623
720,winter,1,12,0,1,1,-0.9267126792901702,-0.8813899280952567,2.3036143597467125,-0.656199935917975,-0.9296361245067952,1749
721,winter,1,12,0,2,1,-0.8405593438360145,-0.5280383237869276,-0.4873623340312565,-0.39602691445049665,-1.0019728189390618,1787
722,winter,1,12,0,3,2,-0.8426654126152046,0.786361801036943,-1.055733951372653,-0.6959307914130086,-1.2794826830337571,920
723,winter,1,12,1,4,2,-0.7114879412808846,0.5170805030592569,-0.12464923639749573,-0.3550144184556232,-1.355326611135467,1013
724,winter,1,12,0,5,3,-0.9849154206835504,0.9389566010745807,1.3796082641558394,-0.9074014738865748,-1.4171416045594039,441
725,winter,1,12,0,6,2,-0.9616453892861591,0.12704878493252034,1.7213989330171904,-0.6023710349247037,-0.788031565103025,2114
726,winter,1,12,0,7,2,-0.8568804547780746,-0.17270478320785435,-0.2595358090523088,-0.09355975648830503,-0.5320035072336694,3095
727,winter,1,12,0,1,2,-0.9035237923991575,0.6034757730921185,-0.5758959577277388,-0.7151553989106055,-1.0883384480491012,1341
728,winter,1,12,0,2,1,-0.9429895295923874,-0.680895158668053,1.7277184020189735,-0.45241909644344763,-0.9787373958790004,1796
729,winter,1,12,0,3,2,-0.9732822491781815,-0.23225815672780414,-0.2658959831684352,-0.356296058955463,-0.6025865848312144,2729
