,season,year,month,holiday,weekday,weathersit,atemp,hum,windspeed,bike_count
0,winter,-1.0,-0.617143062771567,4.636809247747853,-1.4603184996711944,1.112472892062783,0.6770798951098003,1.4848007479830525,-0.6283442240983934,985
1,winter,-1.0,-0.617143062771567,-0.2156655464068768,-0.965295279443671,1.112472892062783,0.5771714821581467,0.7578693606332791,0.3912711416628375,801
2,winter,-1.0,-0.617143062771567,-0.2156655464068768,-0.4702720592161474,-0.7589768329026462,-1.0835961826200304,-0.9564529844685404,0.3886090512115523,1349
3,winter,-1.0,-0.617143062771567,-0.2156655464068768,0.024751161011376,-0.7589768329026462,-0.8540170386768061,0.0580556550196052,-0.6300803700448838,1562
4,winter,-1.0,-0.617143062771567,-0.2156655464068768,0.5197743812388996,-0.7589768329026462,-0.6807184886773161,-0.958546093268884,-0.3221575249753348,1600
5,winter,-1.0,-0.617143062771567,-0.2156655464068768,1.014797601466423,-0.7589768329026462,-0.640910756670785,-0.4200077454741037,-1.4487403147917362,1606
6,winter,-1.0,-0.617143062771567,-0.2156655464068768,1.5098208216939466,1.112472892062783,-0.8871952017073824,-0.5496016495207051,-0.5325089678521197,1510
7,winter,-1.0,-0.617143062771567,-0.2156655464068768,-1.4603184996711944,1.112472892062783,-1.3579855534525562,-0.3036149991461259,0.6026758464138268,959
8,winter,-1.0,-0.617143062771567,-0.2156655464068768,-0.965295279443671,-0.7589768329026462,-1.8236622437620091,-0.9770263893225524,1.7039247945790392,822
9,winter,-1.0,-0.617143062771567,-0.2156655464068768,-0.4702720592161474,-0.7589768329026462,-1.4728509208011802,-0.6541179905353395,0.0987652725981236,1321
10,winter,-1.0,-0.617143062771567,-0.2156655464068768,0.024751161011376,1.112472892062783,-1.0627878251177592,0.6934665224505493,-1.0718021960572983,1263
11,winter,-1.0,-0.617143062771567,-0.2156655464068768,0.5197743812388996,-0.7589768329026462,-1.3759844289802616,0.1183981270801491,1.0404508339745524,1162
12,winter,-1.0,-0.617143062771567,-0.2156655464068768,1.014797601466423,-0.7589768329026462,-1.4729014510525211,-0.7369150158653941,0.9984708249884134,1406
13,winter,-1.0,-0.617143062771567,-0.2156655464068768,1.5098208216939466,-0.7589768329026462,-1.0936213844861078,-0.290413841427502,-1.0206900593926187,1421
14,winter,-1.0,-0.617143062771567,4.636809247747853,-1.4603184996711944,1.112472892062783,-0.4903002895234561,-0.5492439663712791,-0.6570832266659656,1248
15,winter,-1.0,-0.617143062771567,-0.2156655464068768,-0.965295279443671,-0.7589768329026462,-0.6307238580004162,-0.6486003967673446,-0.304414113402202,1204
16,winter,-1.0,-0.617143062771567,-0.2156655464068768,-0.4702720592161474,1.112472892062783,-1.2112760217087617,-0.2925731878481099,-0.2397831869675171,1000
17,winter,-1.0,-0.617143062771567,-0.2156655464068768,0.024751161011376,1.112472892062783,-0.6497636567057486,1.8546318769653145,-0.7865765656615343,683
18,winter,-1.0,-0.617143062771567,-0.2156655464068768,0.5197743812388996,1.112472892062783,0.0181350994708486,1.0602573446626915,-0.074270606735426,1650
19,winter,-1.0,-0.617143062771567,-0.2156655464068768,1.014797601466423,1.112472892062783,-0.4201845127625243,-0.287055594080115,-0.2179424709606671,1927
20,winter,-1.0,-0.617143062771567,-0.2156655464068768,1.5098208216939466,-0.7589768329026462,-1.4026644016883707,-0.8252362587254698,1.603135735232113,1543
21,winter,-1.0,-0.617143062771567,-0.2156655464068768,-1.4603184996711944,-0.7589768329026462,-2.198651281384535,-1.2033404664787102,-0.4949619181826856,981
22,winter,-1.0,-0.617143062771567,-0.2156655464068768,-0.965295279443671,-0.7589768329026462,-1.9988597206068983,-0.96142742975037,0.368828561727871,986
23,winter,-1.0,-0.617143062771567,-0.2156655464068768,-0.4702720592161474,-0.7589768329026462,-1.8059261255412775,-0.5956831619383999,-0.6528354562502189,1416
24,winter,-1.0,-0.617143062771567,-0.2156655464068768,0.024751161011376,1.112472892062783,-0.6276010884675354,0.2337310714839019,-0.9830967124979452,1985
25,winter,-1.0,-0.617143062771567,-0.2156655464068768,0.5197743812388996,2.9839226170282127,-0.9401407990626036,1.860149470733309,0.9157145348723678,506
26,winter,-1.0,-0.617143062771567,-0.2156655464068768,1.014797601466423,-0.7589768329026462,-0.7774333897442114,0.7009911161125449,-1.167811066898221,431
27,winter,-1.0,-0.617143062771567,-0.2156655464068768,1.5098208216939466,1.112472892062783,-0.7408798059240481,1.4000828316653409,-1.058283406287292,1167
28,winter,-1.0,-0.617143062771567,-0.2156655464068768,-1.4603184996711944,-0.7589768329026462,-0.8539766144757334,0.4641187622862986,-0.8028963375585448,1098
29,winter,-1.0,-0.617143062771567,-0.2156655464068768,-0.965295279443671,-0.7589768329026462,-0.4679659184306831,0.93066344061609,-1.6290981002969516,1096
30,winter,-1.0,-0.617143062771567,-0.2156655464068768,-0.4702720592161474,1.112472892062783,-1.1154807712162744,0.1462510464011793,-0.3187778275328332,1501
31,winter,-1.0,-0.3232654138327256,-0.2156655464068768,0.024751161011376,1.112472892062783,-0.6275606642664625,1.6419958683936815,-1.8694918126318076,1360
32,winter,-1.0,-0.3232654138327256,-0.2156655464068768,0.5197743812388996,1.112472892062783,-0.4265816425823093,1.283332402187938,0.573786377864225,1526
33,winter,-1.0,-0.3232654138327256,-0.2156655464068768,1.014797601466423,-0.7589768329026462,-1.2000886240618382,-0.9527900440679384,0.7293913518950106,1550
34,winter,-1.0,-0.3232654138327256,-0.2156655464068768,1.5098208216939466,1.112472892062783,-0.6876209210105125,0.0234928647658273,-1.005747629946491,1708
35,winter,-1.0,-0.3232654138327256,-0.2156655464068768,-1.4603184996711944,1.112472892062783,-0.5413762675790557,2.301735813747609,-0.6210176882042034,1005
36,winter,-1.0,-0.3232654138327256,-0.2156655464068768,-0.965295279443671,-0.7589768329026462,-0.0500908458899253,-0.088342733287984,-0.8441587395534681,1623
37,winter,-1.0,-0.3232654138327256,-0.2156655464068768,-0.4702720592161474,-0.7589768329026462,0.071050378675265,1.0376968112007576,-1.9598258010889684,1712
38,winter,-1.0,-0.3232654138327256,-0.2156655464068768,0.024751161011376,-0.7589768329026462,-0.99424859219867,-0.2898110790830994,1.7039247945790392,1530
39,winter,-1.0,-0.3232654138327256,-0.2156655464068768,0.5197743812388996,1.112472892062783,-1.539601382822794,-0.5755204303300254,-0.299714945040368,1605
40,winter,-1.0,-0.3232654138327256,-0.2156655464068768,1.014797601466423,-0.7589768329026462,-1.4863930281605993,-0.9556713805494246,0.0833482965932885,1538
41,winter,-1.0,-0.3232654138327256,-0.2156655464068768,1.5098208216939466,-0.7589768329026462,-0.8399999469547806,-0.4988106423022361,-1.229004424358855,1746
42,winter,-1.0,-0.3232654138327256,-0.2156655464068768,-1.4603184996711944,-0.7589768329026462,-0.643487799489182,-0.2484125664180721,-0.1315634229696114,1472
43,winter,-1.0,-0.3232654138327256,-0.2156655464068768,-0.965295279443671,-0.7589768329026462,0.2777696369117685,-0.8231961400213372,0.5341443787526932,1589
44,winter,-1.0,-0.3232654138327256,-0.2156655464068768,-0.4702720592161474,-0.7589768329026462,1.0280124906738484,-1.3634169233708244,2.351599827070462,1913
45,winter,-1.0,-0.3232654138327256,-0.2156655464068768,0.024751161011376,-0.7589768329026462,-0.4280268077706654,-1.770678931564297,0.8870565524489652,1815
46,winter,-1.0,-0.3232654138327256,-0.2156655464068768,0.5197743812388996,-0.7589768329026462,0.1978004611393194,-1.0478277816227886,0.4289107857827511,2115
47,winter,-1.0,-0.3232654138327256,-0.2156655464068768,1.014797601466423,-0.7589768329026462,1.3343066622031543,-0.5078454537062518,0.1778988048391593,2475
48,winter,-1.0,-0.3232654138327256,-0.2156655464068768,1.5098208216939466,-0.7589768329026462,2.1763933008028458,-0.4305660221441921,0.5809277248574559,2927
49,winter,-1.0,-0.3232654138327256,4.636809247747853,-1.4603184996711944,-0.7589768329026462,0.9578158655107704,-2.6081277883246274,3.3881368286568203,1635
50,winter,-1.0,-0.3232654138327256,-0.2156655464068768,-0.965295279443671,-0.7589768329026462,-0.1950217127865131,-1.1515029048600696,0.0983948947962058,1812
51,winter,-1.0,-0.3232654138327256,-0.2156655464068768,-0.4702720592161474,1.112472892062783,-0.1268564037273483,0.1545307489341847,1.0777085259862382,1107
52,winter,-1.0,-0.3232654138327256,-0.2156655464068768,0.024751161011376,-0.7589768329026462,-1.1176737841244788,-0.0257813009485949,-0.2205003926551629,1450
53,winter,-1.0,-0.3232654138327256,-0.2156655464068768,0.5197743812388996,-0.7589768329026462,-0.5145042799158505,-1.0507091181042747,-1.3961026845554074,1917
54,winter,-1.0,-0.3232654138327256,-0.2156655464068768,1.014797601466423,1.112472892062783,-0.0751538505551187,0.7665067463157101,0.4139220591113834,1807
55,winter,-1.0,-0.3232654138327256,-0.2156655464068768,1.5098208216939466,1.112472892062783,0.5440438493789117,0.8644258203520462,1.5255531600366086,1461
56,winter,-1.0,-0.3232654138327256,-0.2156655464068768,-1.4603184996711944,-0.7589768329026462,-0.1458860963824123,-0.2898110790830994,-0.3259654717513039,1969
57,winter,-1.0,-0.3232654138327256,-0.2156655464068768,-0.965295279443671,-0.7589768329026462,0.5505925699527201,0.6513129009145122,-1.035736657595536,2402
58,winter,-1.0,-0.3232654138327256,-0.2156655464068768,-0.4702720592161474,1.112472892062783,1.0458799875480669,1.9519813074673789,0.8675191233977921,1446
59,winter,-1.0,-0.0293877648938841,-0.2156655464068768,0.024751161011376,-0.7589768329026462,-0.3309581949443824,-0.3091325929141209,0.0195738688255386,1851
60,winter,-1.0,-0.0293877648938841,-0.2156655464068768,0.5197743812388996,-0.7589768329026462,0.2369209817276111,-0.8749144739235025,1.0775580600042092,2134
61,winter,-1.0,-0.0293877648938841,-0.2156655464068768,1.014797601466423,-0.7589768329026462,-0.9751784753425328,-1.7442832398890755,0.1275505723909356,1685
62,winter,-1.0,-0.0293877648938841,-0.2156655464068768,1.5098208216939466,1.112472892062783,-0.4138278071438117,0.1904116678312171,-0.1318064834021201,1944
63,winter,-1.0,-0.0293877648938841,-0.2156655464068768,-1.4603184996711944,1.112472892062783,0.8302269808744533,1.374409130050998,0.4298367302875459,2077
64,winter,-1.0,-0.0293877648938841,-0.2156655464068768,-0.965295279443671,1.112472892062783,0.7036284891644227,2.4282099258797736,1.4879135159166956,605
65,winter,-1.0,-0.0293877648938841,-0.2156655464068768,-0.4702720592161474,-0.7589768329026462,-0.5878337806620775,-0.2011387768356239,1.4655172332069686,1872
66,winter,-1.0,-0.0293877648938841,-0.2156655464068768,0.024751161011376,-0.7589768329026462,0.0583369674378401,-1.065347632182628,-1.0889553180086238,2133
67,winter,-1.0,-0.0293877648938841,-0.2156655464068768,0.5197743812388996,1.112472892062783,-0.1012577783979392,1.283332402187938,0.0626881598300519,1891
68,winter,-1.0,-0.0293877648938841,-0.2156655464068768,1.014797601466423,2.9839226170282127,0.8998475611722427,-3.8528452770404567,0.5456492392247698,623
69,winter,-1.0,-0.0293877648938841,-0.2156655464068768,1.5098208216939466,1.112472892062783,0.0846126981352204,0.4497187036408957,0.2110707667234371,1977
70,winter,-1.0,-0.0293877648938841,-0.2156655464068768,-1.4603184996711944,-0.7589768329026462,0.2943132412008503,0.0855310199051305,0.0699221012737623,2132
71,winter,-1.0,-0.0293877648938841,-0.2156655464068768,-0.965295279443671,-0.7589768329026462,0.843486118826362,-0.3595327981730316,0.6466582103915852,2417
72,winter,-1.0,-0.0293877648938841,-0.2156655464068768,-0.4702720592161474,-0.7589768329026462,0.3574760553772448,-0.561120371684622,-0.9005719085080984,2046
73,winter,-1.0,-0.0293877648938841,-0.2156655464068768,0.024751161011376,1.112472892062783,0.2177902285698644,0.490037543095619,-0.3521465526243799,2056
74,winter,-1.0,-0.0293877648938841,-0.2156655464068768,0.5197743812388996,1.112472892062783,0.7104803912462777,1.290651659227114,-0.1344569995470955,2192
75,winter,-1.0,-0.0293877648938841,-0.2156655464068768,1.014797601466423,-0.7589768329026462,1.1491132910379656,0.1407334526331844,-0.0596638321722861,2744
76,winter,-1.0,-0.0293877648938841,-0.2156655464068768,1.5098208216939466,-0.7589768329026462,2.3282468121331656,-0.3739328568184346,0.1884661465001313,3239
77,winter,-1.0,-0.0293877648938841,-0.2156655464068768,-1.4603184996711944,-0.7589768329026462,1.7169924677099595,-1.3413333007747923,1.7758822569079142,3117
78,winter,-1.0,-0.0293877648938841,-0.2156655464068768,-0.965295279443671,-0.7589768329026462,0.2943132412008503,-0.7148380170313883,-0.0811688932961482,2471
79,winter,-1.0,2.615511075555689,-0.2156655464068768,0.5197743812388996,1.112472892062783,1.327828683981223,1.8325482543692817,0.0771560427174725,2660
80,winter,-1.0,2.615511075555689,-0.2156655464068768,1.014797601466423,1.112472892062783,1.3086676126726722,1.1646544579608509,-1.9382200435002104,3068
81,winter,-1.0,2.615511075555689,-0.2156655464068768,1.5098208216939466,-0.7589768329026462,0.8174327212348832,0.6927114135795395,0.6888118339723737,2209
82,winter,-1.0,2.615511075555689,-0.2156655464068768,-1.4603184996711944,-0.7589768329026462,0.0264220606907916,-0.2594543777160881,-0.282758586296311,1011
83,winter,-1.0,2.615511075555689,4.636809247747853,-0.965295279443671,-0.7589768329026462,-0.1684326945308183,0.6599502865969431,-0.6903246343881029,754
84,winter,-1.0,2.615511075555689,-0.2156655464068768,-0.4702720592161474,-0.7589768329026462,0.1910799377109509,-0.4948827514205783,0.2862458862064743,1317
85,winter,-1.0,2.615511075555689,-0.2156655464068768,0.024751161011376,1.112472892062783,0.3133429338559143,1.1977732680928723,-0.304217350194933,1162
86,winter,-1.0,2.615511075555689,-0.2156655464068768,0.5197743812388996,-0.7589768329026462,-0.1683013158773313,-0.5150454830289533,0.9169992828727704,2302
87,winter,-1.0,2.615511075555689,-0.2156655464068768,1.014797601466423,-0.7589768329026462,-0.3308268162908955,-0.0496997056259411,-1.1032843092203253,2423
88,winter,-1.0,2.615511075555689,-0.2156655464068768,1.5098208216939466,-0.7589768329026462,0.2241974644399181,0.3642854210243317,-0.930537787544524,2999
89,winter,-1.0,2.615511075555689,-0.2156655464068768,-1.4603184996711944,-0.7589768329026462,1.1873950094539951,0.2262859629662233,0.0627344570552917,2485
90,winter,1.0,-0.617143062771567,4.636809247747853,-0.965295279443671,-0.7589768329026462,0.7983120741274051,0.7341099262445668,-0.2611956536408993,2294
91,winter,1.0,-0.617143062771567,-0.2156655464068768,-0.4702720592161474,-0.7589768329026462,-0.4479357267990649,-1.3271783213243662,1.330248315362741,1951
92,winter,1.0,-0.617143062771567,-0.2156655464068768,0.024751161011376,-0.7589768329026462,-1.7215911360529557,-0.93011028288953,1.7469927883583125,2236
93,winter,1.0,-0.617143062771567,-0.2156655464068768,0.5197743812388996,1.112472892062783,-1.791706912813888,-1.1067461448476552,-0.3476209988571948,2368
94,winter,1.0,-0.617143062771567,-0.2156655464068768,1.014797601466423,-0.7589768329026462,-0.1840869663962956,-0.3808878069461594,-0.9808860199927472,3272
95,winter,1.0,-0.617143062771567,-0.2156655464068768,1.5098208216939466,-0.7589768329026462,0.4410227729446448,-0.2622164864810986,-0.5419767504136476,4098
96,winter,1.0,-0.617143062771567,-0.2156655464068768,-1.4603184996711944,-0.7589768329026462,0.951499584093131,-0.3312095917481267,-0.462692752190583,4521
97,winter,1.0,-0.617143062771567,-0.2156655464068768,-0.965295279443671,-0.7589768329026462,0.4409318184922307,-0.7727959347624265,-0.2684295950846098,3425
98,winter,1.0,-0.617143062771567,-0.2156655464068768,-0.4702720592161474,1.112472892062783,-0.4966974193432412,0.794829952740616,-1.3406964802497416,2376
99,winter,1.0,-0.617143062771567,-0.2156655464068768,0.024751161011376,-0.7589768329026462,0.2243389491436732,0.4295625957945464,-0.3146110772612561,3598
100,winter,1.0,-0.617143062771567,-0.2156655464068768,0.5197743812388996,1.112472892062783,-0.1395293907637,1.7607930403372436,-0.9666033260062856,2177
101,winter,1.0,-0.617143062771567,-0.2156655464068768,1.014797601466423,1.112472892062783,0.8621519936717708,1.4654858579140582,-0.3908278843121877,4097
102,winter,1.0,-0.617143062771567,-0.2156655464068768,1.5098208216939466,-0.7589768329026462,-0.4776677266881773,-0.4912860486402409,1.890942435934992,3214
103,winter,1.0,-0.617143062771567,-0.2156655464068768,-1.4603184996711944,-0.7589768329026462,-1.147446208214664,-0.8224741499604592,-0.3188819962896226,2493
104,winter,1.0,-0.617143062771567,-0.2156655464068768,-0.965295279443671,-0.7589768329026462,-1.3643422590712686,-1.0763828197186178,0.4227416805195545,2311
105,winter,1.0,-0.617143062771567,-0.2156655464068768,-0.4702720592161474,-0.7589768329026462,-1.070882771382606,-0.3919296182441754,0.1924129849518194,2298
106,winter,1.0,-0.617143062771567,-0.2156655464068768,0.024751161011376,1.112472892062783,0.68367914593495,0.8903446011613665,1.555542187685654,2935
107,winter,1.0,-0.617143062771567,-0.2156655464068768,0.5197743812388996,-0.7589768329026462,-0.2160018731433442,-0.9163129865885298,2.32290712172813,3376
108,winter,1.0,-0.617143062771567,-0.2156655464068768,1.014797601466423,-0.7589768329026462,-1.0771990528002455,-0.5575236689042846,0.0627807542805314,3292
109,winter,1.0,-0.617143062771567,-0.2156655464068768,1.5098208216939466,1.112472892062783,-0.7647199785067865,-0.8721523651584919,-0.1387047699628419,3163
110,winter,1.0,-0.617143062771567,4.636809247747853,-1.4603184996711944,1.112472892062783,-1.2304370930173123,1.653156907408173,0.0915313311544135,1301
111,winter,1.0,-0.617143062771567,-0.2156655464068768,-0.965295279443671,1.112472892062783,-1.3580259776536292,1.42132523648402,-0.1747240111993644,1977
112,winter,1.0,-0.617143062771567,-0.2156655464068768,-0.4702720592161474,1.112472892062783,-0.5413762675790557,2.183057869520522,-1.204027071342012,2432
113,winter,1.0,-0.617143062771567,-0.2156655464068768,0.024751161011376,-0.7589768329026462,0.5303703633660057,1.6835136087751834,-1.052878205240552,4339
114,winter,1.0,-0.617143062771567,-0.2156655464068768,0.5197743812388996,-0.7589768329026462,-0.0182567875450227,0.4112015274573539,-0.6211102826546829,4270
115,winter,1.0,-0.617143062771567,-0.2156655464068768,1.014797601466423,1.112472892062783,0.6005265643280101,1.2446893745258942,-1.6358899032396226,4075
116,winter,1.0,-0.617143062771567,-0.2156655464068768,1.5098208216939466,1.112472892062783,1.2001488448924924,1.0570183250317795,1.4807374460045348,3456
117,winter,1.0,-0.617143062771567,-0.2156655464068768,-1.4603184996711944,-0.7589768329026462,0.3006699468195626,-0.2539367839480931,-0.0451959492848655,4023
118,winter,1.0,-0.617143062771567,-0.2156655464068768,-0.965295279443671,-0.7589768329026462,-0.2416004984727536,-1.7911993463220977,0.293016855397787,3243
119,winter,1.0,-0.617143062771567,-0.2156655464068768,-0.4702720592161474,-0.7589768329026462,-0.3436311819807341,-1.1978228727107154,0.0122473329313489,3624
120,winter,1.0,-0.617143062771567,-0.2156655464068768,0.024751161011376,-0.7589768329026462,0.8558761364552041,-1.0929422247846288,0.5449547808461735,4509
121,winter,1.0,-0.3232654138327256,-0.2156655464068768,0.5197743812388996,-0.7589768329026462,1.7171238463634455,-0.4885239398752304,-0.2970760032017024,4579
122,winter,1.0,-0.3232654138327256,-0.2156655464068768,1.014797601466423,1.112472892062783,1.034288347890415,0.6043967944814905,-0.3188356990643828,3761
123,winter,1.0,-0.3232654138327256,-0.2156655464068768,1.5098208216939466,-0.7589768329026462,0.128533592600918,-0.3643284018801485,-0.4194279952040405,4151
124,winter,1.0,-0.3232654138327256,-0.2156655464068768,-1.4603184996711944,1.112472892062783,-0.2415600742716805,1.3109269947899378,-1.074533732346443,2832
125,winter,1.0,-0.3232654138327256,-0.2156655464068768,-0.965295279443671,1.112472892062783,-0.3244701106721829,0.703753224877556,-0.4483637609788817,2947
126,winter,1.0,-0.3232654138327256,-0.2156655464068768,-0.4702720592161474,-0.7589768329026462,-0.0020365768645243,0.2682872379756532,-0.7052670638342308,3784
127,winter,1.0,-0.3232654138327256,-0.2156655464068768,0.024751161011376,-0.7589768329026462,0.6516025423836099,-0.56580337143729,-0.7795856846503328,4375
128,winter,1.0,-0.3232654138327256,-0.2156655464068768,0.5197743812388996,1.112472892062783,-0.3052686151625592,0.9355848958017088,-0.9376675602314446,2802
129,winter,1.0,-0.3232654138327256,-0.2156655464068768,1.014797601466423,-0.7589768329026462,-0.3500687360015923,-0.1297412459530113,-0.2395517008413182,3830
130,winter,1.0,-0.3232654138327256,-0.2156655464068768,1.5098208216939466,1.112472892062783,-0.0310207290337885,-0.276013782782099,-1.1320233117878975,3831
131,winter,1.0,-0.3232654138327256,-0.2156655464068768,-1.4603184996711944,2.9839226170282127,-0.866700131763426,0.990780704767736,0.8687922970918854,2169
132,winter,1.0,-0.3232654138327256,-0.2156655464068768,-0.965295279443671,-0.7589768329026462,-1.970371775505804,-0.775558043527437,2.2509496593992555,1529
133,winter,1.0,-0.3232654138327256,-0.2156655464068768,-0.4702720592161474,-0.7589768329026462,-0.6944323988912948,-1.1288231436816611,-0.549210691857358,3422
134,winter,1.0,-0.3232654138327256,-0.2156655464068768,0.024751161011376,1.112472892062783,0.3771424291992064,-0.4830063461072355,-0.8513463837719388,3922
135,winter,1.0,-0.3232654138327256,-0.2156655464068768,0.5197743812388996,-0.7589768329026462,0.5558477160921961,-0.3339717005131372,-0.383501348417998,4169
136,winter,1.0,-0.3232654138327256,-0.2156655464068768,1.014797601466423,1.112472892062783,0.3389011349842502,1.1342977565938397,-1.4272144199165164,3005
137,winter,1.0,-0.3232654138327256,-0.2156655464068768,1.5098208216939466,-0.7589768329026462,0.5558477160921961,0.3504815009613052,-0.1028707176272789,4154
138,winter,1.0,-0.3232654138327256,4.636809247747853,-1.4603184996711944,-0.7589768329026462,0.5942102829103707,-0.3118947016791314,-0.2755246448526009,4318
139,winter,1.0,-0.3232654138327256,-0.2156655464068768,-0.965295279443671,1.112472892062783,-0.3116657449823442,-0.4360902396742132,0.4442004444181771,2689
140,winter,1.0,-0.3232654138327256,-0.2156655464068768,-0.4702720592161474,-0.7589768329026462,-0.2348294447930441,-0.4891267022196329,0.1660814380967142,3129
141,winter,1.0,-0.3232654138327256,-0.2156655464068768,0.024751161011376,-0.7589768329026462,-0.0153058208667016,0.0839744358289256,-0.1043638031412606,3777
142,winter,1.0,-0.3232654138327256,-0.2156655464068768,0.5197743812388996,-0.7589768329026462,0.9705798069995364,-0.0910982182909684,0.2284438004946517,4773
143,winter,1.0,-0.3232654138327256,-0.2156655464068768,1.014797601466423,-0.7589768329026462,1.4938609838378611,-0.179419461151044,-0.2757098337535597,5062
144,winter,1.0,-0.3232654138327256,-0.2156655464068768,1.5098208216939466,1.112472892062783,1.1555609511090918,1.0321792174327633,0.2642778528302147,3487
145,winter,1.0,-0.3232654138327256,-0.2156655464068768,-1.4603184996711944,-0.7589768329026462,-0.4138682313448848,-1.230941682842737,2.3948182868317653,2732
146,winter,1.0,-0.3232654138327256,-0.2156655464068768,-0.965295279443671,-0.7589768329026462,-0.2861984983064221,-1.1371028462146666,-0.1100120646205095,3389
147,winter,1.0,-0.3232654138327256,-0.2156655464068768,-0.4702720592161474,-0.7589768329026462,0.6197684840387073,-0.6016842903343224,0.6169006688687383,4322
148,winter,1.0,-0.3232654138327256,-0.2156655464068768,0.024751161011376,-0.7589768329026462,0.575008787400747,-1.230941682842737,-0.2467277707534788,4363
149,winter,1.0,-0.0293877648938841,-0.2156655464068768,1.014797601466423,-0.7589768329026462,1.806390588382661,0.2235304779632389,0.1418216920710873,4990
150,winter,1.0,-0.0293877648938841,-0.2156655464068768,1.5098208216939466,1.112472892062783,0.6388487069451126,0.499516146555403,-0.8082320927674256,3194
151,winter,1.0,-0.0293877648938841,-0.2156655464068768,-1.4603184996711944,1.112472892062783,1.181038303835283,0.2621668818632557,-0.6210176882042034,4066
152,winter,1.0,-0.0293877648938841,-0.2156655464068768,-0.965295279443671,-0.7589768329026462,0.0646128246544068,-1.1812634676447045,1.3870318621192896,3423
153,winter,1.0,-0.0293877648938841,-0.2156655464068768,-0.4702720592161474,-0.7589768329026462,-0.5604463844351927,-0.4995657511732463,0.1634772191769785,3333
154,winter,1.0,-0.0293877648938841,-0.2156655464068768,0.024751161011376,-0.7589768329026462,-0.4202653611646698,-0.8279917437284542,-0.160406594293973,3956
155,winter,1.0,-0.0293877648938841,-0.2156655464068768,0.5197743812388996,-0.7589768329026462,0.8941073246198917,-0.4526496447402242,1.5167566872410572,4916
156,winter,1.0,-0.0293877648938841,-0.2156655464068768,1.014797601466423,-0.7589768329026462,2.303941761238089,-0.0938603270559789,2.625390042832009,5382
157,winter,1.0,-0.0293877648938841,-0.2156655464068768,1.5098208216939466,1.112472892062783,1.0152081249840097,-1.156424360045688,2.31562688305918,4569
158,winter,1.0,-0.0293877648938841,-0.2156655464068768,-1.4603184996711944,-0.7589768329026462,-0.1906053688192995,-1.531766459033918,0.1275042751656959,4118
159,winter,1.0,-0.0293877648938841,-0.2156655464068768,-0.965295279443671,-0.7589768329026462,0.637110466298978,-0.6935956122127094,0.0908947443073669,4911
160,winter,1.0,-0.0293877648938841,-0.2156655464068768,-0.4702720592161474,-0.7589768329026462,1.6469272212003685,-0.6127194778703122,-0.0812614877466274,5298
161,winter,1.0,-0.0293877648938841,-0.2156655464068768,0.024751161011376,-0.7589768329026462,2.489135132403278,0.2373277742642393,0.2571365058369841,5847
162,winter,1.0,-0.0293877648938841,-0.2156655464068768,0.5197743812388996,-0.7589768329026462,2.546618346328931,-0.4940481574052514,-1.153632541668549,6312
163,winter,1.0,-0.0293877648938841,-0.2156655464068768,1.014797601466423,-0.7589768329026462,2.3870236004931518,-0.0138254104909349,-0.750603621650252,6192
164,winter,1.0,-0.0293877648938841,-0.2156655464068768,1.5098208216939466,1.112472892062783,1.4108195687838718,1.7249121214402108,-1.1752764944681298,4378
165,winter,1.0,-0.0293877648938841,-0.2156655464068768,-1.4603184996711944,1.112472892062783,2.106287630092182,1.153612646662834,-1.2040733685672518,7836
166,winter,1.0,-0.0293877648938841,-0.2156655464068768,-0.965295279443671,1.112472892062783,1.6914746907826956,1.51240196434708,-1.0168126667787902,5892
167,winter,1.0,-0.0293877648938841,-0.2156655464068768,-0.4702720592161474,-0.7589768329026462,2.3869831762920786,0.9742212997017252,-0.6066886969925022,6153
168,winter,1.0,-0.0293877648938841,-0.2156655464068768,0.024751161011376,-0.7589768329026462,2.4447089354241687,1.4986046680460798,-1.0817676737901534,6093
169,winter,1.0,2.615511075555689,-0.2156655464068768,1.5098208216939466,1.112472892062783,0.0519398376180551,-0.1656155410880175,1.847828144930479,3623
170,winter,1.0,2.615511075555689,-0.2156655464068768,-1.4603184996711944,-0.7589768329026462,-0.6115627866918653,-0.93011028288953,2.229352003824914,1749
171,winter,1.0,2.615511075555689,-0.2156655464068768,-0.965295279443671,-0.7589768329026462,-0.3755056645267098,-0.4388457246771976,-0.9450519676571842,1787
172,winter,1.0,2.615511075555689,-0.2156655464068768,-0.4702720592161474,1.112472892062783,-0.3812762192298651,1.3885641095014234,-1.5915070682635402,920
173,winter,1.0,2.615511075555689,4.636809247747853,0.024751161011376,1.112472892062783,-0.02185454144051,1.014182456007023,-0.5325089678521197,1013
174,winter,1.0,2.615511075555689,-0.2156655464068768,0.5197743812388996,2.9839226170282127,-0.771036259924426,1.600716583445129,1.178404990882685,441
175,winter,1.0,2.615511075555689,-0.2156655464068768,1.014797601466423,1.112472892062783,-0.7072771887822064,0.4719215539534032,1.5671512169145203,2114
176,winter,1.0,2.615511075555689,-0.2156655464068768,1.5098208216939466,1.112472892062783,-0.4202249369635971,0.0551743185381192,-0.6859263979903273,3095
177,winter,1.0,2.615511075555689,-0.2156655464068768,-1.4603184996711944,1.112472892062783,-0.5480260486555467,1.1342977565938397,-1.0457484325536313,1341
178,winter,1.0,2.615511075555689,-0.2156655464068768,-0.965295279443671,-0.7589768329026462,-0.6561607865255338,-0.6513625055323552,1.5743388611329907,1796
179,winter,1.0,2.615511075555689,-0.2156655464068768,-0.4702720592161474,1.112472892062783,-0.7391617773784502,-0.0276227067919352,-0.6931603394340374,2729
