,season,year,month,holiday,weeakday,weathersit,sensation,humidity,windspeed,registered,count
0,winter,0,1,1,1,2,-0.6808176679882338,1.252342778139905,-0.38783297265473177,654,-1.8209716633017257
1,winter,0,1,0,2,2,-0.741507266995984,0.4809955684788318,0.7488989093411889,670,-1.9160775771924858
2,winter,0,1,0,3,1,-1.7503444674147217,-1.3380726136983871,0.7459310420548092,1229,-1.6328273553873955
3,winter,0,1,0,4,1,-1.6108860797292004,-0.2615770573582075,-0.38976853827628377,1454,-1.5227319224595046
4,winter,0,1,0,5,1,-1.5056154704044076,-1.340293612352123,-0.04647661963780552,1518,-1.5030904837211954
5,winter,0,1,0,6,1,-1.4814341705367635,-0.7688503384807848,-1.3024625707087933,1518,-1.4999892039204097
6,winter,0,1,0,7,2,-1.6310402324241675,-0.9063624861400971,-0.2809897503450565,1362,-1.5496096807329802
7,winter,0,1,0,1,2,-1.9170229321789771,-0.6453459449888632,0.9845862831921816,891,-1.8344105424384634
8,winter,0,1,0,2,1,-2.199899326340228,-1.3599030624911204,2.2123284607134814,768,-1.905223097889736
9,winter,0,1,0,3,1,-1.9867981681006939,-1.0172648208150927,0.42279481342209296,1280,-1.6472999944577287
10,winter,0,1,0,4,2,-1.7377043820053593,0.41265768901593886,-0.8822280474823765,1220,-1.67727903253199
11,winter,0,1,0,5,1,-1.9279563911950406,-0.1975476341444923,1.4726456065519453,1137,-1.7294839091785486
12,winter,0,1,0,6,1,-1.986828862819998,-1.1051207802192025,1.4258436298228165,1368,-1.6033651972799317
13,winter,0,1,0,7,1,-1.7564342997246234,-0.6313381908214719,-0.8252449955838828,1367,-1.5956119977779675
14,winter,0,1,1,1,2,-1.3899454901794397,-0.9059829483954712,-0.41987303557682404,1026,-1.6850322320339541
15,winter,0,1,0,2,1,-1.475246115125089,-1.0114100996804027,-0.02669513898554297,953,-1.707774950573049
16,winter,0,1,0,3,2,-1.8279038841519177,-0.6336294742427312,0.04535951721943588,883,-1.8132184637997615
17,winter,0,1,0,4,2,-1.486811885358814,1.6447707491294306,-0.5642404234029889,674,-1.9770694132746038
18,winter,0,1,0,5,2,-1.0810952245431948,0.8018595891761453,0.22988343980740159,1572,-1.4772464853813148
19,winter,0,1,0,6,2,-1.3473534976732926,-0.6277747531080413,0.06970893273856113,1844,-1.3340707345783769
20,winter,0,1,0,7,1,-1.944163202987521,-1.1988384892347541,2.0999624244969777,1468,-1.532552641828659
21,winter,0,1,0,1,1,-2.427687293872312,-1.6000450276879374,-0.2391299178362898,888,-1.823039183168916
22,winter,0,1,0,2,1,-2.306323443216463,-1.343350999739386,0.7238784977399259,836,-1.820454783334928
23,winter,0,1,0,3,1,-2.189125479864545,-0.955259598906048,-0.41513735168942645,1330,-1.5981963976119555
24,winter,0,1,0,4,2,-1.4733491814721058,-0.07516779693294376,-0.783333547991875,1799,-1.3040916965041154
25,winter,0,1,0,5,3,-1.663202159310836,1.65062547026412,1.3335816685288335,472,-2.0685571673977807
26,winter,0,1,0,6,1,-1.564365163152149,0.4206420386065847,-0.9892648263542068,416,-2.1073231649076014
27,winter,0,1,0,7,2,-1.5421606032076784,1.1624485604776202,-0.8671564431758906,1129,-1.7268995093445605
28,winter,0,1,0,1,1,-1.6108615239537574,0.1692966814665557,-0.5824347402455787,975,-1.7625642270535957
29,winter,0,1,0,2,1,-1.3763784242470982,0.6643474415168324,-1.5035368697381104,956,-1.763597986987191
30,winter,0,1,0,3,2,-1.769712835295508,-0.16799288940095003,-0.04270871856118397,1459,-1.5542616004341587
31,winter,0,2,0,4,2,-1.4733246256966626,1.4191425884261724,-1.7715430279606985,1313,-1.6271416757526218
32,winter,0,2,0,5,2,-1.3512394491371713,1.038564629241074,0.9523784712495544,1454,-1.5413396012642184
33,winter,0,2,0,6,1,-1.8211080732980252,-1.3341858660543493,1.125856766023863,1489,-1.528934482061076
34,winter,0,2,0,7,2,-1.5098083690613258,-0.29825164905185897,-0.8085862274677246,1620,-1.4472674473070535
35,winter,0,2,0,1,2,-1.4209717124518624,2.119192929911623,-0.3796648857317817,905,-1.8106340639657734
36,winter,0,2,0,2,1,-1.1225392345473746,-0.4169204505381781,-0.6284366831844664,1269,-1.4912022444848503
37,winter,0,2,0,3,1,-1.0489517144881086,0.7779205973577128,-1.8722530880042156,1592,-1.445199927439863
38,winter,0,2,0,4,1,-1.696070064741495,-0.6306985994370102,2.2123284607134814,1466,-1.539272081397028
39,winter,0,2,0,5,2,-2.0273458923011987,-0.9338649156719596,-0.021456208036542166,1552,-1.5005060838872073
40,winter,0,2,0,6,1,-1.9950243528741498,-1.3372432534416123,0.4056069907027106,1491,-1.535137041662647
41,winter,0,2,0,7,1,-1.6023713645942874,-0.8524681264032398,-1.0574870626285127,1597,-1.4276260085687442
42,winter,0,2,0,1,1,-1.4829996012212645,-0.5867706197349554,0.16600977429618274,1184,-1.5692511194712895
43,winter,0,2,0,2,1,-0.9233796178156899,-1.196673718395037,0.9081830562241157,1192,-1.508776163355969
44,winter,0,2,0,3,1,-0.46764284242236975,-1.769902225361467,2.9343976677188928,1705,-1.3413070541135435
45,winter,0,2,0,4,1,-1.352117318109264,-2.2020481184784018,1.3016319320024137,1675,-1.3919612908597092
46,winter,0,2,0,5,1,-0.9719570805861053,-1.4350304504967626,0.7908619720164385,1897,-1.236897300820426
47,winter,0,2,0,6,1,-0.2815837318896066,-0.8620549686934164,0.5110178944524374,2216,-1.0508205127732866
48,winter,0,2,0,7,1,0.22994376531055497,-0.7800537304239966,0.9603400978395389,2348,-0.8171907677807667
49,winter,0,2,1,1,1,-0.5102839464794034,-3.0906654627520806,4.089994862639541,1103,-1.484999684883279
50,winter,0,2,0,2,1,-1.2105778284549356,-1.5450401686242123,0.42238189275616195,1173,-1.393511930760102
51,winter,0,2,0,3,2,-1.1691706521139205,-0.15920729346053905,1.5141828447904537,912,-1.7579123073524172
52,winter,0,2,0,4,1,-1.7710449861132989,-0.350536487612433,0.06685719938947451,1376,-1.580622478740837
53,winter,0,2,0,5,1,-1.404648260726027,-1.4380878378840258,-1.243778801817496,1778,-1.339239534246353
54,winter,0,2,0,6,2,-1.1377638153221288,0.49016070216386814,0.7741515888170388,1707,-1.39609633059409
55,winter,0,2,0,7,2,-0.761630724971647,0.5940626739935447,2.0134684487552197,1341,-1.5749367991060632
56,winter,0,2,0,1,1,-1.180730283403784,-0.6306985994370102,-0.05072196023440977,1545,-1.3123617759728772
57,winter,0,2,0,2,1,-0.7576526893498564,0.3679284629641189,-0.8420198976373341,1708,-1.088552750349512
58,winter,0,2,0,3,2,-0.45678918967649657,1.7480682719584058,1.2798503668745471,1365,-1.5826899986080274
59,winter,0,3,0,4,1,-1.2931527623263952,-0.6512006661235532,0.3345072135376972,1714,-1.3733536120549952
60,winter,0,3,0,5,1,-0.9481932289009949,-1.2515520648772198,1.5140150957699192,1903,-1.2270765814512716
61,winter,0,3,0,6,1,-1.684485877676188,-2.1740396386203713,0.45488649142742665,1562,-1.4591556865433986
62,winter,0,3,0,7,2,-1.3434921019848567,-0.12113403489317419,0.16573879510916537,1730,-1.3252837751428175
63,winter,0,3,0,1,2,-0.5877881127218523,1.1352061845855945,0.7918942736812662,1437,-1.2565387395587353
64,winter,0,3,0,2,2,-0.6646906624659435,2.2533946650205876,1.9715053860799707,491,-2.0173860506848174
65,winter,0,3,0,3,1,-1.449192437379905,-0.5366083811535848,1.9465365895619486,1628,-1.3624991327522453
66,winter,0,3,0,4,1,-1.05667450586498,-1.453620771506672,-0.9013514358233108,1817,-1.2275934614180692
67,winter,0,3,0,5,2,-1.1536207073145444,1.038564629241074,0.3825737598062407,1700,-1.352678413383091
68,winter,0,3,0,6,3,-0.5454969284648834,-4.4114357286194466,0.9210094044096007,577,-2.0080822112824603
69,winter,0,3,0,7,2,-1.040713251826931,0.1540167730069931,0.5480001015948927,1730,-1.3082267362384963
70,winter,0,3,0,1,1,-0.9133301667155796,-0.23242293578954779,0.39063861656270793,1408,-1.2281103413848669
71,winter,0,3,0,2,1,-0.5797338183764984,-0.7046803457320228,1.0336206122715013,1435,-1.0807995508475479
72,winter,0,3,0,3,1,-0.8749617675856545,-0.9185850072123966,-0.6913296621140991,1687,-1.2725620185294613
73,winter,0,3,0,4,2,-0.9598142496294667,0.19679911099841826,-0.07991028980741509,1767,-1.2673932188614851
74,winter,0,3,0,5,2,-0.6605284585283294,1.0463310960523964,0.1627838315935959,1871,-1.1970975433770101
75,winter,0,3,0,6,1,-0.3940798781385472,-0.17384761053564,0.24616799857005997,2320,-0.9117798017047294
76,winter,0,3,0,7,1,0.32218753576275533,-0.7199602541915854,0.5227990372022845,2355,-0.6559242181399124
77,winter,0,3,0,1,1,-0.04912034471314664,-1.7464692838692029,2.2925512038414104,1693,-0.7189835740892208
78,winter,0,3,0,2,1,-0.9133301667155796,-1.0816948672036906,0.22219279240443457,1424,-1.052888032640477
79,spring,0,3,0,3,2,-0.3977509665672982,0.7712997722570191,1.2681982618328038,1676,-1.2565387395587353
80,spring,0,3,0,4,1,-0.20801462866192308,-0.021568633219684608,0.45483487634418523,2243,-0.9329718803434314
81,spring,0,3,0,5,2,-0.8385025799964346,1.48942735594946,0.5646588697110508,1918,-1.2337960210196406
82,spring,0,3,0,6,2,-1.2504625467184751,1.252342778139905,0.6875801904504191,1699,-1.3661172925198286
83,spring,0,3,0,7,1,-1.339606150520978,-0.9323397362167041,0.5190311361256629,1910,-1.1877937039746531
84,spring,0,3,0,1,1,-1.3318772202002458,-1.6410421325842715,0.24606476840357713,1515,-1.0399660334705367
85,spring,0,3,0,2,2,-1.3762740622014649,-0.9399796904464854,-0.0800264237447082,1221,-1.4550206468090177
86,spring,0,3,0,3,1,-1.3318588033686636,-2.287612794461252,0.28004039694722144,1806,-1.2818658579318183
87,spring,0,3,0,4,1,-1.1149453609915798,-2.2033202727705734,0.47091297477387795,2108,-1.076664511113167
88,spring,0,3,0,5,2,-1.0876761723619595,0.13364824737874434,-0.2272842562323911,1368,-1.5361708015962423
89,spring,0,3,0,6,3,-1.3318526644248028,2.043046412776892,0.3502627176971311,1506,-1.4591556865433986
90,spring,0,4,0,7,2,-1.1729829362514697,0.41185644266617377,0.8801173547116099,1920,-1.1790067445390937
91,spring,0,4,0,1,2,-0.975413305979729,0.18343094821548864,0.0857354160850124,1354,-1.1660847453691536
92,spring,0,4,0,2,1,-0.5878617800481816,-1.0377668875016357,-0.10695659342590304,1598,-0.6507554184719363
93,spring,0,4,0,3,1,0.4199195220265009,-1.4155475129393071,2.5171284310246937,2381,-0.720017334022816
94,spring,0,4,0,4,2,-0.46764284242236975,0.10142970994606842,2.5493362429673208,1628,-1.4022988901956615
95,spring,0,4,0,5,1,-0.5335873773749545,-1.1021969338902335,0.9363132765906724,2395,-0.8786994838296823
96,spring,0,4,0,6,1,-0.25065573271895675,-0.17384761053564,-0.36375453632262356,2570,-0.7065784548860782
97,spring,0,4,0,7,2,-0.9211327643626416,1.4661279555154898,0.4708613596906365,1299,-1.569767999438087
98,spring,0,4,0,1,2,-0.8164637715362055,1.7560526215490515,-0.7409188533382636,1576,-1.0611581121092386
99,spring,0,4,0,2,2,-0.2933766430461806,1.615483086502476,-0.5643436535694717,1707,-0.8337309267182903
100,spring,0,4,0,3,2,0.5567443027957442,0.627672849823181,1.7287467458249073,2493,-0.5995843017589729
101,spring,0,4,0,4,2,0.11373969696969835,0.7837823469691558,1.088784232485736,1777,-1.2787645781310326
102,spring,0,4,0,5,2,-0.3514142183060705,1.3460604871554578,0.7757129450850906,1953,-1.2126039423809385
103,spring,0,4,0,6,1,-0.07234396933850788,-0.6131274075561883,-1.0297439553862662,2738,-0.6414515790695793
104,spring,0,4,0,7,1,-0.2002120310148616,0.30642929138124214,0.46289973310065247,2484,-0.7143316543880424
105,spring,0,4,1,1,3,-0.30101962815286154,1.8321921102070289,1.9395169382411197,674,-1.9191788569932715
106,spring,0,4,0,2,1,-0.17698840638950036,-1.0406977623073568,1.4580514417654429,2186,-0.3948998349071193
107,spring,0,4,0,3,1,0.175693918412771,-0.5984870904810874,-0.34756030395563775,2760,-0.5577170244483665
108,spring,0,4,0,4,2,0.09043626607414726,0.26835603281387677,-0.4197698054103412,2795,-0.6740150169778287
109,spring,0,4,0,5,1,0.5516796741105938,-0.09477724707194128,0.663553369201552,3331,-0.29152384154759725
110,spring,0,4,0,6,1,-0.1266736225064817,-1.5502623268511928,1.73886330214022,3444,-0.16488824968218277
111,spring,0,4,0,7,2,-0.9366335976111311,0.716421425774836,0.37445728796653244,1506,-1.4601894464769938
112,spring,0,4,0,1,2,-0.14982357980551367,1.8292682638780609,0.5190311361256629,2574,-0.2439708846022171
113,spring,0,4,0,2,2,0.4741509520927019,1.2874851619015488,0.021590771386776172,2481,-0.16385448974858755
114,spring,0,4,0,3,1,0.6137321186554393,1.0473502251814848,-0.06669682849761963,3300,-0.22484632583070555
115,spring,0,4,0,4,1,0.7339510562812507,0.7134975794458681,1.754889785486671,3722,-0.05582657668788703
116,spring,0,4,0,5,2,0.6176733206140652,1.4602732343808003,1.5703658628987056,3325,-0.32873919915702515
117,spring,0,4,0,6,2,0.6409215010148691,0.5143527191453838,1.6827318991152092,3489,-0.2325995253326697
118,spring,0,4,0,7,1,0.14080630045191267,-1.1988384892347541,0.6395265479526855,3717,0.04496501683764694
119,spring,0,4,0,1,1,-0.06449226014056021,-0.8737714394395484,0.5751625391506736,3347,0.4155679530315334
120,spring,0,5,0,2,2,-0.16159193518664414,0.9448469202255212,-1.0858237433280353,2213,-0.5980336618585801
121,spring,0,5,0,3,2,0.3579407448079847,0.7193523005805575,-0.09094301385026203,3554,-0.05530969672108942
122,spring,0,5,0,4,2,0.6602591741763517,0.4879959313241509,1.9635050481775551,3848,-0.029465698381208914
123,spring,0,5,0,5,2,-0.4289674960994051,0.7691350014173018,1.787097597429298,2378,-0.9691534780192641
124,spring,0,5,0,6,1,-0.20018747523941852,-1.2896182949678328,1.353479283118389,3819,-0.0387695377835659
125,spring,0,5,0,7,1,-0.0025134829220440314,-0.26463444474547065,0.487042688286812,3714,0.05168445640601588
126,spring,0,5,0,1,1,0.23386041149373732,-0.6072726864214983,-0.38778135757149035,3102,0.10647373288656255
127,spring,0,5,0,2,1,0.2726094251430317,0.028221096093812244,-1.495086190234414,2932,-0.09045753446332691
128,spring,0,5,0,3,1,0.3113645777361862,-0.2734200406858816,-0.18712772147059054,3698,-0.07546801542619622
129,spring,0,5,0,4,1,0.2958637444876966,-0.9733368411130379,-0.96559931068803,4109,0.15247604993154984
130,spring,0,5,0,5,1,0.33072680667311183,0.03700669203422321,-0.9014546659897936,3632,-0.16850640944976603
131,spring,0,5,0,6,1,0.2998049464463225,0.8423506437463111,-0.01077188580557454,4169,0.18400572790620406
132,spring,0,5,0,7,2,0.12138882102024028,1.6564801913988094,-0.139061175202047,3413,-0.20830616689318202
133,spring,0,5,0,1,2,0.1602421967151676,2.0723340754038464,-0.7168275132353451,2507,-0.5680546237843187
134,spring,0,5,0,2,2,0.3773827800151006,1.6828369792200424,-0.48418542929559444,2971,0.02325605823214732
135,spring,0,5,0,3,1,0.46647113332285634,1.1264205886451835,-0.8210770776121409,3185,-0.2842875220124307
136,spring,0,5,0,4,2,0.3929081690390333,1.4778444262616222,1.120721065241345,3445,-0.19900232749082503
137,spring,0,5,0,5,2,0.323102238398013,1.7033390459065858,0.14181520402678174,3319,-0.33752615859258456
138,spring,0,5,0,6,2,0.2223253359793167,1.4192691010077134,-1.0618356333916,3840,0.03462741750169474
139,spring,0,5,0,7,1,0.33466800863173773,0.6461366582515483,-0.8450522837777659,4008,0.2114003661464774
140,spring,0,5,0,1,1,0.5982312854069493,-0.0069212876678316215,-0.9013514358233108,3547,0.6703897766627552
141,spring,0,5,0,2,1,0.6137321186554393,0.8569909608214116,-0.5483300739938307,3084,0.0785622146794916
142,spring,0,5,0,3,2,0.7107028758804468,1.2816304407668595,0.5592521897415155,3438,-0.12095345250438591
143,spring,0,5,0,4,2,0.7998219239075062,0.7954917892385348,0.21407632056472628,3833,-0.0082736197425069
144,spring,0,5,0,5,1,0.865686652589901,0.4821412101894615,-0.4680041006994193,4238,0.24293004412113162
145,spring,0,5,0,6,1,1.1060017489643086,0.350357271083297,0.1179432280276392,3919,0.08734917411505097
146,spring,0,5,0,7,1,0.9974652215055765,0.18343094821548864,0.6474752707718593,3808,0.0883829340486462
147,spring,0,5,1,1,1,0.8462691731582286,0.716421425774836,0.5108630492027132,2757,0.12921645142565738
148,spring,0,5,0,2,1,0.8657357641407872,1.3431296123497363,0.3024155355323635,2433,0.1447228504295857
149,spring,0,5,0,3,1,1.2067049840566753,0.40307084672576277,-0.7648940595038887,2549,-0.21192432666076527
150,spring,0,5,0,4,1,1.5399943852027178,0.06336347985545611,-1.0216274835465577,3309,-0.27188240280928805
151,spring,0,6,0,5,2,1.5128848091134774,0.3474263962775755,0.21407632056472628,3461,-0.27601744254366894
152,spring,0,6,0,6,1,1.0400326582362804,-2.267750319159171,1.3134130747522603,4232,0.23776124445315552
153,spring,0,6,0,7,1,0.691285396448774,-1.9221812026774223,0.8080239871941999,4414,0.4155679530315334
154,spring,0,6,0,1,1,0.7377142288679139,-1.204693210369444,-0.8691952389639255,3473,0.4310743520354617
155,spring,0,6,0,2,2,0.8734339997422154,0.17464535227507766,-0.668541602863026,3221,0.2057146865117037
156,spring,0,6,0,3,1,0.904460222014638,-0.19434967722218294,-0.8852733373936181,3875,0.02067165839815927
157,spring,0,6,0,4,1,1.113749096116623,-0.20898999429728385,-0.03475999574201019,4070,0.16798244893547815
158,spring,0,6,0,5,1,1.5516338227627717,-0.03913982510050654,-0.692736173132427,3725,-0.05530969672108942
159,spring,0,6,0,6,2,1.7376438217446486,-0.4169204505381781,-0.5241355037244297,3352,-0.30651336058472795
160,spring,0,6,0,7,1,1.4043789763740493,-0.15920729346053905,-0.6445147816141592,3771,0.040313097136468454
161,spring,0,6,0,1,1,1.2493460881137084,0.1892856693501781,-0.4600424741094349,3237,0.2367274845195603
162,spring,0,6,0,2,1,1.036244929874174,0.8452815185520326,-0.34756030395563775,2993,-0.024813778680030422
163,spring,0,6,0,3,1,0.7804290002512768,-0.9352706110224251,1.4819750328478265,4157,0.26463900272663127
164,spring,0,6,0,4,1,0.7183765557064318,-0.8474146516183154,1.0165747310310325,4164,0.19796148700973953
165,spring,0,6,0,5,1,0.6950976805863234,-1.0963351842787914,-0.291493419784679,4411,0.34733979741424886
166,spring,0,6,0,6,2,0.741704542377426,0.42649675974127416,0.2060630788915008,3222,-0.38301159567077425
167,spring,0,6,0,7,1,0.7726264026042153,0.7603494054768909,-0.6125779488585498,3981,0.17366812857025185
168,spring,0,6,0,1,1,1.0401063255626097,0.3005745702465527,-0.9173779191697621,3312,0.31581011943959464
169,spring,0,6,0,2,2,1.0517212073472206,0.2742177824253198,-1.1420067614362872,3105,0.12198013189049085
170,spring,0,6,0,3,2,0.741704542377426,0.8335650478059001,-0.451977617352968,3311,-0.25740976373895497
171,summer,0,6,0,4,2,1.0013818676887594,1.00342224547943,-0.2513239812520682,4061,0.16901620886907337
172,summer,0,6,0,5,1,1.3462861506194126,0.5612115736531602,-0.23536201675966859,3846,-0.0005204202405427477
173,summer,0,6,0,6,2,1.3463107063948558,0.5319239110262057,0.6232807005024583,4044,0.1457566103631809
174,summer,0,6,0,7,1,1.1176350475805017,-0.38177806677653425,0.4067683300756417,4022,0.24964948368950055
175,summer,0,6,0,1,1,1.0361712625478448,-1.0143409744861238,0.24606476840357713,3420,0.3587111566837963
176,summer,0,6,0,2,1,1.001277505643126,-0.8034866719162607,-1.2383553469459072,3385,0.41194979326395015
177,summer,0,6,0,3,2,0.9974406657301335,0.21564245717141098,-1.0699004901480669,3854,0.10337245308577689
178,summer,0,6,0,4,1,1.3384835529723504,0.04579228797463418,-0.5963966202623742,3916,0.07235965507792028
179,summer,0,6,0,5,1,1.1060017489643086,-0.9118376695301611,0.9202867932442215,4377,0.3705993959201413
180,summer,0,6,0,6,1,0.9974652215055765,-1.3599030624911204,-0.06696780768463699,4488,0.5204945862914483
181,summer,0,7,0,7,1,1.0904947767719582,-1.6264018155091704,-1.134161268783596,4116,0.4414119513714139
182,summer,0,7,0,1,1,1.1834752204874535,-1.2866944486388638,-0.9734577071115315,2915,0.31581011943959464
183,summer,0,7,0,2,2,1.191253262359072,0.38549965484494086,0.49493979602274474,2367,0.07287653504471789
184,summer,0,7,1,3,2,1.1718664776467036,0.07214907579586707,-1.4068024614812613,2978,0.7934072087605863
185,summer,0,7,0,4,1,1.361688760766129,-0.26170356993974964,-0.8289870891188834,3634,0.08114661451347965
186,summer,0,7,0,5,1,1.2959713667363937,0.8130629811193567,-0.5241355037244297,3845,0.06253893570876569
187,summer,0,7,0,6,1,1.3035713792360493,0.1658597563346667,-0.4039110710844245,3838,0.04341437693725411
188,summer,0,7,0,7,2,1.2029663672454551,0.9155662860753203,0.44682163467095976,3348,-0.24190336473502666
189,summer,0,7,0,1,1,1.1641375473259714,-0.12991963083358515,-0.291493419784679,3348,0.42797307223467607
190,summer,0,7,0,2,1,1.3229336081729746,-0.34663568301489034,-0.09072364974648608,3138,0.19279268734176344
191,summer,0,7,0,3,1,1.5671346560112613,0.05750173024401409,1.1850205551893052,3363,-0.21812688626233662
192,summer,0,7,0,4,1,1.625276593316784,-0.4813434684500238,0.1258403357635719,3596,-0.12922353197314768
193,summer,0,7,0,5,1,1.3191213240354251,0.028221096093812244,-0.572524644263232,3594,-0.08580561476214842
194,summer,0,7,0,6,1,0.9857766723946358,-1.0641236753228687,0.6473204255221353,4196,0.2977193206016783
195,summer,0,7,0,7,1,0.9198873879367984,-0.2558488488050597,-0.09895625552348784,4220,0.5323828255277933
196,summer,0,7,0,1,1,1.0051695960508655,-0.2997768285071145,0.23020603407766038,3505,0.7313816127448731
197,summer,0,7,0,2,1,1.198976053735943,-0.165062014595229,0.7036582888801118,3296,0.4103991533635573
198,summer,0,7,0,3,1,1.408264927837928,0.1658597563346667,0.3264939718644717,3617,-0.025847538613625643
199,summer,0,7,0,4,1,1.6756404887506895,0.16000503519997725,-0.7729589162603558,3789,0.017053498630575998
200,summer,0,7,0,5,1,1.6717790930622538,0.5582806988474387,-0.9895229017704137,3688,-0.09097441443012452
201,summer,0,7,0,6,2,2.1599540478159778,0.44699882642781763,0.4067167149924003,3152,-0.37422463623521485
202,summer,0,7,0,7,1,2.2491222073939237,-0.33198833746303735,-0.7406994892344877,2825,-0.5794259830538661
203,summer,0,7,0,1,1,2.024381611594335,-0.8971973524550603,-0.76494567458713,2298,-0.6321477396672223
204,summer,0,7,0,2,1,1.9663194805590019,-0.5399187937039316,-0.2752475723344518,2556,-0.46622927032518946
205,summer,0,7,0,3,1,1.5128295586187301,0.9097045364638773,-1.2864218932144504,3272,-0.3452793580945487
206,summer,0,7,0,4,1,1.3656238237808949,-0.6102035612272193,0.12589195084681332,3840,0.042380617003658895
207,summer,0,7,0,5,1,1.3268748101316004,-1.5795429610013947,-0.09082687991296892,3901,0.07649469481230116
208,summer,0,7,0,6,1,1.6291134332297768,-0.3114932992532465,-0.15513927363173968,3784,-0.060995376355863135
209,summer,0,7,0,7,1,1.9119161600646983,-0.5984870904810874,-0.211154542719457,3176,-0.342178078293763
210,summer,0,7,0,1,1,1.5593566141396429,-1.1373393176518773,-0.2834285630282121,2916,-0.017060579178066273
211,summer,0,7,0,2,1,1.567085544460375,-1.0319121663669457,-0.33148220552594504,2778,-0.10648081343405282
212,summer,0,8,0,3,1,1.4043789763740493,-0.5399187937039316,-0.43595113400651675,3537,-0.12508849223876678
213,summer,0,8,0,4,1,1.427578045223967,-0.958696524037937,0.19804983721827502,4044,0.17418500853704946
214,summer,0,8,0,5,2,1.2610039425053454,0.20978773603672152,-0.7086594263123954,3107,-0.482769429262713
215,summer,0,8,0,6,2,1.168005081958268,0.9126354112695988,0.08578703116825381,3777,0.03514429746849235
216,summer,0,8,0,7,1,1.1175368244787294,0.022359346482370226,-0.07491653050381077,3843,0.1850394878397993
217,summer,0,8,0,1,2,1.2377803178799838,0.8950642193887769,0.48709430337005344,2773,-0.1106158531684337
218,summer,0,8,0,2,1,1.4780463027035056,0.8804239023136765,0.14175068517273007,2487,-0.37370775626841723
219,summer,0,8,0,3,1,1.4043237258793022,-0.24999412767036974,0.021590771386776172,3480,-0.09407569423091018
220,summer,0,8,0,4,1,1.5322470380504025,-0.4022731049863251,-0.5081606354612198,3695,0.04858317660523021
221,summer,0,8,0,5,1,1.2919810532268816,-1.4301878300144082,0.12589195084681332,3896,0.14058781069520482
222,summer,0,8,0,6,1,1.0865597137571932,-1.4331187048201293,-0.331701569629721,3980,0.14679037029677613
223,summer,0,8,0,7,1,1.1020359912302398,-1.494617876403006,-0.8372067911250746,3854,0.20519780654490608
224,summer,0,8,0,1,2,1.0517948746735508,0.716421425774836,0.27036256883946097,2646,-0.18504656838728956
225,summer,0,8,0,2,2,0.9199917499824317,1.3343440164093252,0.41461382272833297,2482,-0.3556169574305009
226,summer,0,8,0,3,1,0.8695234925028935,0.5934230826090825,0.23810314181359274,3563,-0.08787313462933885
227,summer,0,8,0,4,1,1.0516659568524733,-0.34663568301489034,0.5913438677468489,4004,0.11215941252133625
228,summer,0,8,0,5,1,1.1795647132481317,-0.36713072122468127,-0.6043453430815483,4026,0.09613613355061035
229,summer,0,8,0,6,1,1.1524735539904742,0.1892856693501781,0.5510711990477551,3166,-0.36337015693246505
230,summer,0,8,0,7,2,0.9742170411047721,0.6695695997438132,-0.6605928800438519,3356,-0.18349592848689672
231,summer,0,8,0,1,1,1.0710588805087036,0.3269313580677856,-1.1101731588471606,3277,0.3530254770490226
232,summer,0,8,0,2,1,1.233918922191548,1.0004913706737084,0.7516732200654136,2624,-0.32822231919022754
233,summer,0,8,0,3,1,1.0051143455561184,-1.1080516550249235,1.1129271876718951,3925,0.12921645142565738
234,summer,0,8,0,4,1,0.8075201595089342,-1.210547931504134,-0.5643952686527131,4614,0.7169089736745401
235,summer,0,8,0,5,1,0.9586916520808395,-0.15920729346053905,0.8078562381736654,4181,0.32149579907436837
236,summer,0,8,0,6,2,1.0517703188981076,1.012207841419841,0.2623493271662355,3107,-0.4993095882002365
237,summer,0,8,0,7,1,1.1369727207419837,0.9389921990908318,-1.3747585274279257,3893,0.0790790946462892
238,summer,0,8,0,1,2,0.9885514750197122,1.5627695108600104,2.3886842963784973,889,-1.7537772676180363
239,summer,0,8,0,2,1,1.0646927957250663,-0.4630834858474738,1.4730585272178767,2919,-0.0899406544965293
240,summer,0,8,0,3,1,0.8191289023496846,-0.5135620058826987,-0.39584621432795725,3905,0.06512333554275374
241,summer,0,8,0,4,1,0.7377633404188001,-0.5574899855847536,-0.8451168026318175,4429,0.3597449166173915
242,summer,0,8,0,5,1,0.838546381781357,-0.20898999429728385,-1.3828775800217963,4370,0.2842804414649404
243,summer,0,9,0,6,1,0.8618743684523515,0.08093467173627804,-0.6284882982677079,4332,0.3137425995724042
244,summer,0,9,0,7,2,0.7997912291882024,0.6988502338940141,-0.6525796383706264,3852,0.11319317245493148
245,summer,0,9,1,1,1,0.974167929553886,0.6256416200417585,-0.06680005866410246,2549,-0.01240865947688778
246,summer,0,9,0,2,1,1.171940144973033,0.8042773851789458,0.20601146380825938,2419,0.22328860538282244
247,summer,0,9,0,3,2,0.927714541359303,1.1439917805260054,0.2863890521859122,2115,-0.5980336618585801
248,summer,0,9,0,4,3,0.24969274771071,1.822520926195825,1.9799702597315578,2506,-0.9293537205758481
249,summer,0,9,0,5,3,0.42790014904552504,2.034260816836481,-1.2062572170551684,1878,-1.2984060168693417
250,summer,0,9,0,6,3,0.4962388721038172,2.192275031182337,0.02898463206110529,1689,-1.3780055317561737
251,summer,0,9,0,7,2,0.6410258630605025,1.8995530314013487,-0.8532332744715262,3127,-0.4982758282666413
252,summer,0,9,0,1,1,0.8191534581251276,0.8862786234483659,-0.4760689574558862,3595,0.4326249919358545
253,summer,0,9,0,2,1,0.8269314999967461,0.605139553355215,-0.9735609372780141,3413,0.2780778818633691
254,summer,0,9,0,3,1,0.7833511375290121,0.45349313894696924,-1.3108784100313018,4023,0.10595685291976494
255,summer,0,9,0,4,1,0.7920929935867743,0.596353957414804,-0.6283850681012251,4062,0.13180085125964544
256,summer,0,9,0,5,1,0.935412776960731,0.4879959313241509,-0.29939052752061174,4138,0.14317221052919288
257,summer,0,9,0,6,2,0.48586405697908563,0.5729280443992927,1.0406144560507096,3231,-0.43883463208491613
258,summer,0,9,0,7,2,-0.08012201121012627,-0.26170356993974964,-0.339611581136464,4018,0.1302502113592526
259,summer,0,9,0,1,2,0.024467175346119013,0.6373510623111374,-0.0106686556390917,3077,0.0015470996266476929
260,summer,0,9,0,2,1,0.09828797527209494,0.47335561424905054,-0.15508765854849826,2921,-0.12095345250438591
261,summer,0,9,0,3,2,0.33855396009561645,0.4382132304874066,-0.500147393787994,3848,0.016019738696980777
262,summer,0,9,0,4,2,0.3541591553897394,1.7824094093702845,-0.7167758981521037,3203,-0.4481384714872731
263,summer,0,9,0,5,2,0.46660005114393277,1.914193348476449,-1.2142136821368286,3813,-0.08063681509417231
264,summer,0,9,0,6,2,0.49379557244722355,1.9288336655515494,-0.8048957490159653,4240,0.14834101019716897
265,autumn,0,9,0,7,2,0.29220493394666675,2.423757913020285,-1.4469654481284668,2137,-1.0921709101170953
266,autumn,0,9,0,1,2,0.5518024529878098,1.65062547026412,-1.4467512455330152,3647,0.4729416293460681
267,autumn,0,9,0,2,2,0.6022952662427911,1.5276271270983666,-1.8081097336830605,3466,0.25947020305865515
268,autumn,0,9,0,3,2,0.7030046402790187,1.5510530401138778,-1.0297439553862662,3946,0.0630558156755633
269,autumn,0,9,0,4,2,0.6138855922519589,1.811697071997239,-0.9333398836621618,3643,-0.20055296739121786
270,autumn,0,9,0,5,2,0.6177715437158376,1.5539839149195993,-0.5403168323206052,3427,-0.31064840031910884
271,autumn,0,9,0,6,1,0.6138057859817686,0.502643276876005,-0.2273487750864428,4186,0.17108372873626382
272,autumn,0,9,0,7,1,0.431583515361998,0.1395029685134338,0.20611469397474189,4372,0.3587111566837963
273,autumn,0,10,0,1,2,-0.37854835017075356,0.8862786234483659,1.3135292086895538,1949,-1.0745969912459765
274,autumn,0,10,0,2,2,-0.7932094521915406,1.1527773764664164,0.4066134848259178,2302,-0.8218426874819452
275,autumn,0,10,0,3,2,-0.5063427445207775,0.9360613242851102,-1.382716282886667,3240,-0.48483694912990344
276,autumn,0,10,0,4,1,-0.010242413242776232,0.5787827655339821,0.19810145230151643,3970,-0.026881298547220864
277,autumn,0,10,0,5,1,0.3229794595207971,0.14243384331915532,-0.17099800795765643,4267,0.1643642891678949
278,autumn,0,10,0,6,1,0.03621097495180638,-0.04792542104091751,-0.7167758981521037,4126,0.13283461119324066
279,autumn,0,10,0,7,1,0.1834167097896422,0.39721612559107333,-2.1692540192376546,4036,0.2465482038887149
280,autumn,0,10,1,1,1,0.23767269563128673,0.5172835939511053,-1.8723059934645385,3174,0.4657053098109016
281,autumn,0,10,0,2,1,0.3036110916400109,0.7017811086997356,-1.6394471261751737,3114,0.5184270664242578
282,autumn,0,10,0,3,1,0.4198949662510574,0.7457090884017905,-1.9123076829766148,3603,0.3147763595059994
283,autumn,0,10,0,4,2,0.43936155723361636,1.2728448448264484,-0.6124101998380153,3896,0.028424857900123418
284,autumn,0,10,0,5,3,0.26514446940831343,1.958121328178504,0.7438793424959637,2199,-1.0813164308143455
285,autumn,0,10,0,6,2,0.47440264879099425,1.8907674354609376,-0.6286044322050011,2623,-0.8244270873159333
286,autumn,0,10,0,7,2,0.33855396009561645,0.622710745236037,0.4307435362412671,3115,-0.44658783158688026
287,autumn,0,10,0,1,1,0.1485536476042274,-1.0143409744861238,0.8720524979551434,3318,0.36646435618576045
288,autumn,0,10,0,2,1,0.17574302996365718,-0.9909080329938599,1.1770202172868902,3293,0.27549348202938106
289,autumn,0,10,0,3,1,0.22222097393368334,-0.3378500870744794,-0.195140963143816,3857,0.03204301766770669
290,autumn,0,10,0,4,2,0.2958637444876966,0.5202144687568269,-1.037653966893009,4111,0.12404765175768129
291,autumn,0,10,0,5,3,0.24139289561092434,1.8805761441700601,0.6817993011273829,2170,-1.0771813910799646
292,autumn,0,10,0,6,1,-0.04912034471314664,0.0604326050497351,2.9907484348476796,3724,-0.1617869698813971
293,autumn,0,10,0,7,1,-0.3126590657129156,-0.3759163171650922,0.3986518582359334,3628,-0.1054470535004576
294,autumn,0,10,0,1,1,-0.30101962815286154,0.010649904212990311,-1.2624415255405013,2809,-0.10337953363326716
295,autumn,0,10,0,2,1,-0.32041255180909084,0.7984226640442563,-1.174104891327026,2762,-0.06564729605704163
296,autumn,0,10,0,3,1,-0.10718247574848003,1.015131687748809,-0.9253266419889362,3488,-0.165922009615778
297,autumn,0,10,0,4,1,-0.06845801787462918,-0.03327807548906452,-0.30767474838085457,3992,0.09251797378302708
298,autumn,0,10,0,5,2,-0.010316080569105953,0.6519984078629913,-0.5401490833000707,3490,-0.31736783988747774
299,autumn,0,10,0,6,2,-0.1073113935695565,1.302132507453403,0.09369704267499679,2419,-0.9557145988825262
300,autumn,0,10,0,7,2,-0.9559221592217271,-0.2939221073724246,0.5029530376959702,3291,-0.39334919500672644
301,autumn,0,10,0,1,3,-1.5139460172234969,1.7911950053106955,2.075819469310818,570,-2.00601469141527
302,autumn,0,10,0,2,1,-0.9404704375241236,-0.027423354354374565,-0.17916609488060614,2446,-0.6083712611945322
303,autumn,0,10,0,3,1,-0.7272403614635128,0.5319239110262057,-1.0858753584112768,3307,-0.43366583241694
304,autumn,0,11,0,4,1,-0.47539018957468454,0.3942852507853518,-0.7088142715621196,3658,-0.22743072566469358
305,autumn,0,11,0,5,1,-0.5180865441264649,0.6402819371168589,-1.3988989018599234,3816,-0.1664388895825756
306,autumn,0,11,0,6,1,-0.4211648984523436,0.5231383150857948,-0.692736173132427,3656,-0.27601744254366894
307,autumn,0,11,0,7,2,-0.43669028747627675,-0.03620895029478553,1.0487825429736588,3576,-0.23880208493424102
308,autumn,0,11,0,1,1,-0.924969604275634,-0.7624825385431747,-0.018578667145834667,2770,-0.3008276809499542
309,autumn,0,11,0,2,1,-0.6885957098598522,0.7515638095364799,-1.270345085161839,2697,-0.44400343175289225
310,autumn,0,11,0,3,1,-0.4521665649493233,0.9214210072100097,-1.7197730994695855,3662,-0.24448776456901472
311,autumn,0,11,0,4,1,-0.3823360785328594,0.6607840038034023,-1.5673473067723585,3829,-0.156618170213421
312,autumn,0,11,0,5,1,-0.40177811373997535,0.9184901324042883,-1.6556310355255113,3804,-0.20623864702599157
313,autumn,0,11,0,6,2,-0.6188388907697177,1.3050563537823707,-0.018514148291782977,2743,-0.814089487979981
314,autumn,0,11,0,7,1,-1.0295587908318793,-1.2749779778927317,1.6023026956543147,2928,-0.5892467024230207
315,autumn,0,11,1,1,1,-0.7157052859490922,-0.5252714481520786,0.2782080614921522,2792,-0.2279476056314912
316,autumn,0,11,0,2,1,-0.2699688501049957,-1.190052893294343,1.1770718323701315,2713,-0.40885559401065474
317,autumn,0,11,0,3,1,0.3074724873284465,-0.2851365114320136,1.4980531312775192,3891,-0.01137489954329256
318,autumn,0,11,0,4,2,0.20290785654764432,0.4294276345469957,0.11782709409034609,3746,-0.1617869698813971
319,autumn,0,11,0,5,3,-0.1383621716174223,2.1250476510463123,-0.6925813278827027,1672,-1.390927530926114
320,autumn,0,11,0,6,2,-0.9288555557395127,-0.3642068748957123,1.4821298780975511,2914,-0.7520638919642678
321,autumn,0,11,0,7,1,-1.2388722207093075,-1.5297602601646498,-0.28348017811145354,3147,-0.576841583219878
322,autumn,0,11,0,1,1,-0.921108208587198,-0.8825570353799593,0.4386535477480101,2720,-0.4367671122177257
323,autumn,0,11,0,2,2,-0.10723772624322678,0.4001399719200413,-0.05873520190763524,2733,-0.510680947469784
324,autumn,0,11,0,3,3,-0.18088049679724005,1.9844781159997367,-0.6767742086400274,2545,-0.9009253224019795
325,autumn,0,11,1,4,3,-0.32432305904841263,2.3534731454969973,-0.9253266419889362,1538,-1.499472323953612
326,autumn,0,11,0,5,2,-0.270048656375186,0.9155662860753203,1.875217448293159,2454,-1.0037844357947039
327,autumn,0,11,0,6,1,-0.6265125705957026,-0.5516282359733116,-0.2993389124373703,935,-1.5573628802349444
328,autumn,0,11,0,7,1,-0.5761732309372409,0.11314618069220089,-1.1820626467857671,1697,-0.8869695632984441
329,autumn,0,11,0,1,1,-0.5490636548480015,0.3796449337102514,-1.5753050622310996,1819,-0.7443106924623037
330,autumn,0,11,0,2,1,-0.11496051762009843,0.49678152726456193,0.23810314181359274,2261,-0.7427600525619109
331,autumn,0,11,0,3,1,0.09574031356986797,0.8110247228611817,-0.6242816689835348,3614,-0.3313235989910132
332,autumn,0,11,0,4,2,-0.14212534420408512,1.4280546969481243,0.8721686318924362,2818,-0.8239102073491357
333,autumn,0,11,0,5,1,-1.002522882068969,-0.1006389966833833,1.0407693013004335,3425,-0.4626111105576062
334,autumn,0,12,0,6,1,-1.0373122769280547,-0.7244163084525619,0.38267698997272354,3545,-0.4036867943426786
335,autumn,0,12,0,7,1,-0.8784425487547213,-0.012783037279273641,-1.15808485986598,3672,-0.2935913614147877
336,autumn,0,12,0,1,1,-1.006310610431075,-0.10356284301235225,-1.222225633432973,2908,-0.46209423059080856
337,autumn,0,12,0,2,1,-0.7699858275661798,1.0414884755700418,-1.3748127232653293,2851,-0.5287717463077003
338,autumn,0,12,0,3,2,-0.4948076690063569,1.4016979091268915,-1.655469738390382,3578,-0.3602688771316794
339,autumn,0,12,0,4,3,-0.11127715130362548,2.2626863112871662,0.5430063422912883,2468,-0.9893117967243709
340,autumn,0,12,0,5,3,-0.4560034048623158,2.4091175959451845,0.9764698113524733,655,-1.9656980540050564
341,autumn,0,12,0,6,1,-1.3357631716641247,-0.33491921226875837,0.6394620290986338,3172,-0.6130231808957107
342,autumn,0,12,0,7,1,-0.9637186179249277,0.47921033538373997,-1.3908340451034564,3359,-0.45899295079002295
343,autumn,0,12,0,1,1,-1.2776028175270189,-0.8444837768125945,0.5512389480682897,2688,-0.6812513365129953
344,autumn,0,12,0,2,1,-1.3589929352333465,-0.967482119978348,-1.5995525379608233,2366,-0.912296681671527
345,autumn,0,12,0,3,1,-1.254373053957797,0.3034984165755206,-1.6394471261751737,3167,-0.6192257404972821
346,autumn,0,12,0,4,1,-1.0644218530172944,-0.26463444474547065,-0.6445663966974006,3368,-0.5091303075693911
347,autumn,0,12,0,5,2,-0.8359058067433215,0.2537157157387764,-1.671599451903316,3562,-0.3969673547743097
348,autumn,0,12,0,6,2,-0.3823913290276066,0.04579228797463418,1.0005611514553914,3528,-0.41299063374503564
349,autumn,0,12,0,7,2,-0.7041456546592281,-0.8942664776493392,0.9042086948145288,3399,-0.48121878936232015
350,autumn,0,12,0,1,2,-1.3822165598587075,-0.46963402618064387,0.6795798525480036,2464,-0.9143642015387174
351,autumn,0,12,0,2,1,-1.4054954349788158,-0.29099123256670356,-0.2674020796817609,2211,-1.0735632313123813
352,autumn,0,12,0,3,1,-1.1884592137245162,0.06921820099014607,-0.22718102606590826,3143,-0.5711559035851043
353,autumn,0,12,0,4,2,-0.4792822799824238,-0.22656118617810578,-1.6636958922819787,3534,-0.3917985551063336
354,winter,0,12,0,5,2,-0.285518794904372,1.6213378076371656,0.39870347331917483,2553,-0.9551977189157286
355,winter,0,12,0,6,2,-0.29715823246442596,0.9126354112695988,-1.8481656190325408,2841,-0.7443106924623037
356,winter,0,12,0,7,1,-0.5955600156496097,0.41185644266617377,1.0806161455627858,2046,-1.1883105839414507
357,winter,0,12,0,1,1,-1.0760612905773486,-0.5984870904810874,-0.0025521837993833984,856,-1.8075327841649877
358,winter,0,12,1,2,1,-1.1944262671572023,0.37709359664915526,-0.4569326653441412,451,-1.9403709356319736
359,winter,0,12,0,3,1,-0.9760394782535294,-0.8483002396891088,0.6318100930080979,887,-1.6493675143249191
360,winter,0,12,0,4,2,-0.9017705354257158,0.9477777950312427,-0.026475774881767025,1059,-1.7294839091785486
361,winter,0,12,0,5,1,-1.194346460887012,-0.8696949229231976,1.3350139870887818,2047,-1.140240747029273
362,winter,0,12,0,6,1,-1.2930729560562049,-0.3759163171650922,-0.917326304086521,2169,-1.0776982710467622
363,winter,0,12,0,7,1,-0.9559221592217271,0.06336347985545611,-0.7247375247420881,2508,-0.7799754101713388
364,winter,0,12,0,1,1,-0.3708255587938819,-0.08306780480256137,0.3826253748894821,1820,-1.0456517131053105
365,winter,1,1,1,2,1,-0.6071748974342206,0.4557844223682286,0.021487541220293678,1608,-1.144375786763654
366,winter,1,1,0,3,1,-1.3642110375150165,-1.7314494290494762,1.7957302201014198,1707,-1.3216656153752342
367,winter,1,1,0,4,1,-2.1378959933462696,-1.3101203616543757,2.260343391898783,2147,-1.1743548248379154
368,winter,1,1,0,5,2,-2.1804879858524164,-1.4975487512087269,-0.07486491542056935,2273,-1.1061266692206309
369,winter,1,1,0,6,1,-1.2039354911975628,-0.7273401547815309,-0.7808689277670985,3132,-0.6388671792355912
370,winter,1,1,0,7,1,-0.8242111186885203,-0.6014179652868084,-0.29154503486792044,3791,-0.21192432666076527
371,winter,1,1,0,1,1,-0.5141207863923959,-0.6746265791390651,-0.2031542048170418,3451,0.006715899294623794
372,winter,1,1,0,2,1,-0.8242663691832675,-1.1431940387865673,0.013422684463826452,2826,-0.5597845443155569
373,winter,1,1,0,3,2,-1.3938314416433184,0.5202144687568269,-1.1820084509483637,2270,-1.10199162948625
374,winter,1,1,0,4,1,-0.955836214007676,0.1326291182496558,-0.03806336106945898,3425,-0.47036431005957036
375,winter,1,1,0,5,2,-1.1768688877153486,1.5451983189791885,-0.76494567458713,2085,-1.2048507428789743
376,winter,1,1,0,6,2,-0.5683951890656226,1.231847739930115,-0.12303469185559572,3828,-0.21244120662756288
377,winter,1,1,0,7,1,-1.3822718103534548,-0.8444837768125945,2.420827589467072,3040,-0.6688462173098526
378,winter,1,1,0,1,1,-1.7891303147271804,-1.195907614429033,-0.042824852498477076,2160,-1.0415166733709296
379,winter,1,1,0,2,1,-1.9208843278674128,-1.465330213776052,0.7839842621745229,2027,-1.1355888273280945
380,winter,1,1,0,3,1,-1.7426216760378506,-0.7390566255276628,0.5271992230486127,2081,-1.1423082668964635
381,winter,1,1,0,4,2,-0.6768089376471392,0.6215651035254073,2.0469021189248293,2808,-0.8130557280463858
382,winter,1,1,0,5,1,-1.2233222759099314,-1.2954800445792747,2.9024092198800417,3267,-0.5851116626886398
383,winter,1,1,0,6,1,-1.746458515950843,-0.9147685443358822,0.38267698997272354,3162,-0.6285295798996391
384,winter,1,1,0,7,2,-1.5566423717752775,-1.248621190071499,0.15804814770619868,3048,-0.6952070956165307
385,winter,1,1,1,1,2,-1.8395433217119717,1.4309855717538458,0.4147299566656261,1234,-1.6576375937936807
386,winter,1,1,0,2,2,-1.9170474879544204,1.1849888854223387,0.11789161294439778,1781,-1.3082267362384963
387,winter,1,1,0,3,2,-1.4209717124518624,1.9932637119401477,-1.0296407252197832,2287,-1.0730463513455837
388,winter,1,1,0,4,1,-0.7699367160152932,1.4631970807097683,-0.8611303822074585,3900,-0.08735625466254125
389,winter,1,1,0,5,1,-1.1032015613858923,0.11314618069220089,-0.37976811589826454,3803,-0.12302097237157635
390,winter,1,1,0,6,2,-0.7273201677337031,0.997560495867987,-1.5111088024496222,3831,-0.22381256589711032
391,winter,1,1,0,7,2,-0.36307821164156756,0.7984226640442563,1.9635050481775551,3187,-0.5437612653448309
392,winter,1,1,0,1,1,-0.909468771027144,-0.5926323693463974,0.2622977120829941,3248,-0.25069032417058607
393,winter,1,1,0,2,1,-1.2388722207093075,-2.223822339457116,0.639358798932151,2685,-0.653856698272722
394,winter,1,1,0,3,1,-1.3008509979278233,-1.5941903065532477,0.32633912661474745,3498,-0.4569254309228325
395,winter,1,1,0,4,1,-0.572207473203172,-1.482901405656874,0.9202351781609797,4185,0.0005133396930524725
396,winter,1,2,0,5,1,-0.0490405384429568,-0.8415529020068734,-0.018514148291782977,4275,0.03669493736888518
397,winter,1,2,0,6,2,-0.46383055828482034,0.3181457621273746,-0.04277323741523566,3571,-0.38611287547155987
398,winter,1,2,0,7,1,-1.0140334018079464,-0.7097689629007089,-0.15491990952796372,3841,-0.18452968842049194
399,winter,1,2,0,1,2,-1.2388476649338642,1.0678452633912747,-0.8852733373936181,2448,-0.8662943646265397
400,winter,1,2,0,2,2,-1.2892115603677692,0.42357291341230624,-0.18717933655383195,2629,-0.8068531684448146
401,winter,1,2,0,3,1,-1.0933485564893275,-0.038500233716044864,-0.4735914334602994,3578,-0.37422463623521485
402,winter,1,2,0,4,1,-0.6962939454612803,-0.9235541402762931,-0.5564465458335394,4176,-0.06874857585782729
403,winter,1,2,0,5,2,-1.277547567032272,0.6695695997438132,-0.7326862475612619,2693,-0.881800763630468
404,winter,1,2,0,6,1,-1.3047615051671453,-0.4608484302402329,0.04561759263564298,3667,-0.3504481577625248
405,winter,1,2,0,7,2,-1.1109550474820677,-0.6160582823619093,-0.9493663670086131,3604,-0.3499312777957272
406,winter,1,2,0,1,3,-1.6185904542744893,0.7281378965209685,1.2812697816636855,1977,-1.2089857826133552
407,winter,1,2,0,2,1,-2.289018374367288,-1.1461249135922882,2.8221864767521136,1456,-1.5397889613638256
408,winter,1,2,0,3,1,-1.5139460172234969,-1.5209746642242388,-0.29960989162438767,3328,-0.5613351842159497
409,winter,1,2,0,4,2,-0.8630153828325614,-0.8356981808721835,-0.6364499248576923,3787,-0.30289520081714466
410,winter,1,2,0,5,1,-0.7544604385422466,-0.6775574539447861,-0.114866604932646,4028,-0.17522584901813495
411,winter,1,2,0,6,2,-0.8862451464017832,0.8804239023136765,-1.2784641377557096,2931,-0.7768741303705532
412,winter,1,2,0,7,1,-0.7544604385422466,0.04871613430360312,0.1979982221350336,3805,-0.1829790485200991
413,winter,1,2,1,1,1,-0.7311570076466956,-0.6541315409292742,0.005512672957083484,2883,-0.09821073396529106
414,winter,1,2,0,2,2,-1.2814335184961507,-0.7859154800354387,0.8079078532569072,2071,-0.9402081998785979
415,winter,1,2,0,3,1,-1.2347591283225796,-0.8421924933913351,0.4978431444550728,2627,-0.7127810144876495
416,winter,1,2,0,4,1,-1.1014089897785424,-0.23407462782634494,0.19633363570049892,3614,-0.37784279600279813
417,winter,1,2,0,5,1,-0.5025304603832281,-0.419844296867147,0.5673686615812238,4379,0.13696965092762153
418,winter,1,2,0,6,1,-0.18466208621548538,-0.5135620058826987,0.00530621262411815,4546,0.28634796133213086
419,winter,1,2,0,7,2,-0.39016323195536445,0.7720658762230234,0.6073187360100587,3241,-0.5277379863741051
420,winter,1,2,0,1,1,-1.3435166577603002,-1.6293326903148915,2.9825803479247295,2415,-0.9179823613063007
421,winter,1,2,0,2,1,-1.265963379966965,-1.5297602601646498,0.19003659554504954,2874,-0.5783922231202708
422,winter,1,2,0,3,1,-0.7156316186227625,-0.961627398843658,1.000445017518098,4069,-0.09614321409810062
423,winter,1,2,0,4,1,-0.7428210009821927,-1.6293326903148915,0.03761725473322779,4134,-0.0749511354593986
424,winter,1,3,0,6,1,0.005184752679384083,-0.08599165113153032,0.47079684083658485,4665,0.24913260372270293
425,winter,1,3,0,7,2,-0.7040412926135947,0.20685686123100003,-0.5883833785891488,2948,-0.6791838166458048
426,winter,1,3,0,1,2,-0.3746869544823175,-0.0449945462351965,-0.3796648857317817,3110,-0.2284644855982888
427,winter,1,3,0,2,1,-1.0528622217274306,-1.5766191146724255,1.8590361196969842,2713,-0.5608183042491521
428,winter,1,3,0,3,1,-1.4325558995171694,-0.8532693727530054,0.49493979602274474,3130,-0.607337501260937
429,winter,1,3,0,4,1,-1.3474026092241786,-1.201762335563723,0.13385357743679735,3735,-0.2853212819460259
430,winter,1,3,0,5,1,-0.5489838485778111,-0.8034866719162607,2.003661582939356,4484,0.21088348617967978
431,winter,1,3,0,6,1,0.3074233757775603,-0.42277517167286804,3.2396363662376566,4896,0.4517495507073661
432,winter,1,3,0,7,2,-0.47542088429398816,-1.5502623268511928,2.8942927480403333,4122,0.031526137700909077
433,winter,1,3,0,1,1,-1.207895109987771,-1.9485379904986553,0.45483487634418523,3150,-0.2015867273248131
434,winter,1,3,0,2,1,-0.7050971909576503,-1.059154542258972,0.41402024927105685,3253,0.20829908634569175
435,winter,1,3,0,3,1,-0.09168164249999,-0.9733368411130379,0.22208956223795207,4460,0.40833163349636686
436,winter,1,3,0,4,1,0.4199195220265009,-0.07135133405642939,0.5993571094200747,5085,0.6920987352682548
437,winter,1,3,0,5,1,0.4548378347066629,-0.8474146516183154,-0.9734577071115315,5315,0.9324479198291435
438,winter,1,3,0,6,1,0.35789163325709855,-0.3378500870744794,-0.5241355037244297,5187,0.8704223238134303
439,winter,1,3,0,7,2,-0.2351057879195805,1.507125060411823,-0.9975877585268808,3830,-0.06719793595743445
440,winter,1,3,0,1,2,0.18735791174826852,0.9009189405234663,-1.0296923403030247,4681,1.7201729892287014
441,winter,1,3,0,2,2,-0.06462117796163667,1.2816304407668595,-0.8209222323624166,3685,0.7153583337741473
442,winter,1,3,0,3,1,0.3578670774816554,0.7105667046401466,-0.3636900174685719,5171,0.8502640051083235
443,winter,1,3,0,4,1,0.39293272481447644,1.266990123691759,-0.8933381941500854,5042,0.819251207100467
444,spring,1,3,0,5,2,0.23777091873305956,1.3607008042305582,-1.3025516067273846,5108,0.8900637625517395
445,spring,1,3,0,6,1,0.35016884188022734,1.4309855717538458,-0.9411982800856632,5537,1.2213838212690076
446,spring,1,3,0,7,2,0.586518180520566,0.46750089311436105,-0.9574828388483216,5893,1.9920518517642443
447,spring,1,3,0,1,2,0.07493543282565722,1.811697071997239,0.02943626403946745,2339,-0.5871791825558302
448,spring,1,3,0,2,2,-0.2273768575988483,1.779478534564563,0.39063861656270793,3464,0.2522338835234886
449,spring,1,3,0,3,1,-0.21962951044653398,-1.0524072045767365,2.533258144537628,4763,0.5427204248637455
450,spring,1,3,0,4,1,-0.9753089439340956,-2.3731774704441024,-0.04270871856118397,4571,0.3070231600040353
451,spring,1,3,0,5,1,-0.02195551812915995,-1.0289812915612246,1.3054643519330866,5024,0.6150836202154109
452,spring,1,3,0,6,1,0.04774605046622744,-1.3247606787294766,1.6664989554357925,5299,0.8399264057723713
453,spring,1,3,0,7,2,-0.6071748974342206,-0.32906449113406844,-0.6766064596194928,4663,0.49154930815078207
454,spring,1,3,0,1,2,-0.3242493917220834,0.7779205973577128,0.7757129450850906,3934,0.8926481623857275
455,spring,1,4,0,2,2,-0.351389662530627,0.341571675142886,-0.2352974979056169,3694,0.7923734488269911
456,spring,1,4,0,3,1,-0.2886128226102089,-0.8666375355359345,1.569578732879274,4728,0.7381010523132421
457,spring,1,4,0,4,1,-0.08007289965924008,-1.6234709407034493,-1.1660981015392056,5424,1.1702127045560442
458,spring,1,4,0,5,1,0.36172847317009105,-1.1109825298306444,-0.12293146168911288,5378,0.9965410357120472
459,spring,1,4,0,6,1,-0.2662056775183325,-1.7816116676308469,0.3745605181330153,5265,1.007395515014797
460,spring,1,4,0,7,1,-0.5141944537187252,-1.7611166294210558,1.4179465220868839,4653,1.00894615491519
461,spring,1,4,0,1,1,-0.29710912091353936,-2.6250288779102995,1.088681002319253,3605,1.214147501733841
462,spring,1,4,0,2,1,0.10987830128126275,-2.4727499005943443,0.5431740913118228,2939,0.34165411777947513
463,spring,1,4,0,3,1,0.012962794551002474,-2.1798943597550613,2.1638877050914376,4680,0.5566761839672809
464,spring,1,4,0,4,1,-0.2350812321441374,-1.3540483413564304,0.7596864617386391,5099,0.7287972129108852
465,spring,1,4,0,5,1,-0.8425849776638585,-1.1111090424121866,1.3519566381627677,4380,0.18297196797260884
466,spring,1,4,0,6,1,-0.533611933150398,-1.1344084428461563,1.289437868586635,4746,0.4657053098109016
467,spring,1,4,0,7,1,-0.2622460587281245,-1.5414767309107817,-0.4520292324362094,5146,0.976899596973738
468,spring,1,4,0,1,1,0.08268891892183253,-0.8766952857685173,0.005357827707359569,4665,1.5258261217128
469,spring,1,4,0,2,1,0.6098952787424469,-0.8415529020068734,0.44682163467095976,4286,1.3562894926031839
470,spring,1,4,1,3,1,0.8618989242277947,-0.4637722765692019,1.2171767520486905,5172,0.9624269579034049
471,spring,1,4,0,4,1,0.7609869650441613,-1.6673989204055042,1.0726545189728014,5702,1.1283454272454378
472,spring,1,4,0,5,2,-0.10736050512044269,-0.4110587009267361,-0.291493419784679,4020,-0.07288361559220817
473,spring,1,4,0,6,1,0.11369058541881216,-0.10649371781807326,-1.6074560975821608,5719,1.063218551428939
474,spring,1,4,0,7,1,0.25322264043066295,0.470424739443329,-0.5242903489741539,5950,1.4379565273572061
475,spring,1,4,0,1,1,0.4198704104756143,0.3884305296506624,1.2011502687022395,4083,1.0937144694699978
476,spring,1,4,0,2,3,-0.5219479398149005,1.4602732343808003,1.987751233530198,907,-1.799262704696226
477,spring,1,4,0,3,2,-1.0645016592874845,0.9770654576581971,1.4580514417654429,3019,-0.6688462173098526
478,spring,1,4,0,4,1,-0.42508154463552644,-1.219333527444545,0.7597896919051219,5115,0.5814864223735663
479,spring,1,4,0,5,1,-0.02584146959303865,-1.4038310421931752,-0.9253266419889362,5541,0.8724898436806208
480,spring,1,4,0,6,2,0.055597759664175114,0.9067806901349094,-0.1790628647141233,4551,0.2677402825274169
481,spring,1,4,0,7,1,-0.1343779970517708,-1.5941903065532477,2.0275851740217394,5219,0.8916144024521323
482,spring,1,4,0,1,2,-0.5956152661443569,-0.970412994784069,-0.7810237730168228,3100,-0.14886497071145685
483,spring,1,4,0,2,1,-0.14982357980551367,-0.2851365114320136,-0.9496373461956303,4075,0.9283128800947626
484,spring,1,4,0,3,2,-0.10332108006004442,-0.40520397979204614,-0.2434139697453252,4907,0.5499567443989121
485,spring,1,5,0,4,2,0.6292083961284859,0.22442805311182196,-0.4439643756797422,5087,0.6367925788209106
486,spring,1,5,0,5,1,0.38902221757515465,1.1908436065570283,-0.676722593556786,5502,0.8585340845770852
487,spring,1,5,0,6,2,0.38500734829019945,0.9887748999275761,-0.7330088418315206,5657,0.988787836210083
488,spring,1,5,0,7,1,0.7145151600179962,0.757425559147923,-0.3556767757953464,5227,0.9241778403603818
489,spring,1,5,0,1,2,0.6757845632002843,0.9067806901349094,-0.48401768027506026,4387,1.227586380870579
490,spring,1,5,0,2,2,0.4432966202483813,0.7896370681038453,-0.5241871188076711,4224,0.9567412782686312
491,spring,1,5,0,3,2,0.3230040152962402,0.25664659054449784,0.5189795210424215,5265,0.9122896011240367
492,spring,1,5,0,4,2,0.5091920436500802,0.40892556786045225,1.3616989851245802,4990,0.6305900192193392
493,spring,1,5,0,5,2,0.48189829924501665,0.8189247307307997,0.3343394645171627,4097,0.10802437278695538
494,spring,1,5,0,6,1,0.10593709932263687,-0.5311331977635206,1.5944055879183827,5546,1.0668367111965222
495,spring,1,5,0,7,1,0.28427341847852877,-1.8782532229753675,0.5991893603995401,5711,1.3035677359898277
496,spring,1,5,0,1,1,0.4315098480356683,-1.0348360126959146,-0.8693113729012185,4807,1.509802842742074
497,spring,1,5,0,2,1,0.679652097832581,-0.3612760000899913,0.4466667894212355,3946,0.8321732062704071
498,spring,1,5,0,3,2,0.4627140996800541,1.1381300309145626,0.2863374371026708,2501,-0.860608684991766
499,spring,1,5,0,4,2,0.6254206677663795,1.1732724146762064,-0.5562787968130048,4490,0.3137425995724042
500,spring,1,5,0,5,1,0.7455659380658616,0.49385768093559396,-0.8773246145744443,6433,1.507218442908086
501,spring,1,5,0,6,1,0.6021479315901321,-0.7566278174084847,0.5029014226127287,6142,1.4865432442361814
502,spring,1,5,0,7,1,0.470209750134076,-0.7332019043929728,-0.692736173132427,6118,1.618347635769572
503,spring,1,5,0,1,1,0.5671252568643367,-1.204693210369444,-1.3745972302927965,4884,1.9569040140220069
504,spring,1,5,0,2,1,0.6718495001855195,-0.683412175079476,0.8241020856238926,4425,1.354738852702791
505,spring,1,5,0,3,2,0.5595068275330984,1.2904160367072703,0.5510195839645138,3729,-0.07701865532658904
506,spring,1,5,0,4,2,0.6525609385749236,0.971203708046754,-0.9333914987454033,5254,0.8089136077645147
507,spring,1,5,0,5,2,0.6758091189757275,1.032702879629631,-1.1420067614362872,4494,0.38869019475805766
508,spring,1,5,0,6,1,0.8114061109728133,0.6256416200417585,-0.22718102606590826,5711,1.169178944622449
509,spring,1,5,0,7,1,0.9392741726491667,0.8394197689405896,-0.6445663966974006,5317,1.150571265817735
510,spring,1,5,0,1,1,1.0323835341857386,0.7369234924613796,0.10955577700091353,3681,1.0482290323918082
511,spring,1,5,1,2,1,1.024580936538677,0.4879959313241509,0.31832588494152164,3308,1.0766574305656766
512,spring,1,5,0,3,1,1.2570934352660237,0.341571675142886,0.07767055932854551,3486,0.7934072087605863
513,spring,1,5,0,4,1,1.2183689773921724,0.4001399719200413,1.3535825132848713,4863,0.6383432187213034
514,spring,1,5,0,5,2,0.8385954933322436,0.2976436954408312,-0.7248407549085709,6110,1.2131137418002458
515,spring,1,5,0,6,1,0.9626021593201612,-0.946980053291805,0.061644075982094246,6238,1.4627667657634915
516,spring,1,6,0,7,2,0.8191534581251276,0.8979950941944984,0.6072671209268176,3594,-0.1969348076236346
517,spring,1,6,0,1,1,0.5633191116706479,-0.5516282359733116,-0.05083809417170288,5325,1.8669668997992226
518,spring,1,6,0,2,1,0.617618070119318,-0.9440562069628361,-0.08277492692731231,5147,1.6193813957031673
519,spring,1,6,0,3,1,0.6369557432808002,-0.9879841866648909,1.2172283671319322,5927,1.287027577052304
520,spring,1,6,0,4,2,0.3153303354702552,-0.1006389966833833,0.24611638348681855,6033,1.288578216952697
521,spring,1,6,0,5,1,0.41600901478717867,-0.11527931375848423,-1.4629880603436751,6028,1.3164897351597677
522,spring,1,6,0,6,1,0.5826813406075735,-0.42570604647858906,-0.4277830470835667,6456,1.5434000405839188
523,spring,1,6,0,7,1,0.7571501251311689,-1.1226919721000244,-0.19508934806057493,6248,1.6684849925489402
524,spring,1,6,0,1,1,1.0671974848202672,-1.3394080242813295,-0.5963450051791328,4790,1.545467560451109
525,spring,1,6,0,2,1,1.1602024843112055,-0.6277747531080413,-0.7326862475612619,4374,1.08027559033326
526,spring,1,6,0,3,2,1.1368990534156544,-0.2792747618205716,0.22208956223795207,5647,1.1143896681419023
527,spring,1,6,0,4,2,0.7572299314013591,1.4456258888289462,0.31026102818505474,4495,0.23982876432034594
528,spring,1,6,0,5,1,0.8385218260059139,-0.3202788951936575,1.9714021559134878,6248,1.505667803007693
529,spring,1,6,0,6,1,0.9199610552631277,-0.4081348545977671,0.8159210949301327,6183,1.4756887649334318
530,spring,1,6,0,7,1,0.7687650069157798,-0.26756531955119167,-0.17916609488060614,6102,1.63178651490631
531,spring,1,6,0,1,1,0.7377878961942432,-0.8679096898281063,-0.3075586144435614,4739,1.6509110736778216
532,spring,1,6,0,2,1,0.5982312854069493,-0.2031352731625939,-0.5883833785891488,4344,1.2766899777163518
533,spring,1,6,0,3,2,0.4316633216321883,1.0561358211218959,-0.20330905006676606,4446,0.30547252010364245
534,spring,1,6,0,4,1,1.1060263047397518,0.4382132304874066,-0.5482139400565376,5857,1.1976073427963174
535,spring,1,6,0,5,1,1.5129339206643635,-0.24999412767036974,-0.9895874206244656,5339,0.8802430431825848
536,summer,1,6,0,6,1,1.7067219615178588,-0.419844296867147,-0.9253911608429879,5127,0.7220777733425162
537,summer,1,6,0,7,1,1.5322470380504025,-0.37884719197081324,-0.09884012158619473,4859,0.6796936160651121
538,summer,1,6,0,1,1,1.0943623114042547,-0.6541315409292742,-0.13911279028528842,4801,1.5247923617792047
539,summer,1,6,0,2,1,1.2261163245444866,-1.0436216086363257,-0.580370136915923,4340,1.2317214206049598
540,summer,1,6,0,3,1,1.1020359912302398,-0.8679096898281063,1.417882003232832,5640,1.1738308643236275
541,summer,1,6,0,4,1,0.7377633404188001,-1.7874734172422888,2.027701307959033,6365,1.516522282310443
542,summer,1,6,0,5,1,1.0206949850747984,-1.8811840977810885,1.0487309278904178,6258,1.4612161258630987
543,summer,1,6,0,6,1,1.233839115921358,-1.44190430076054,-0.24325912449560094,5958,1.2255188610033885
544,summer,1,6,0,7,1,1.9158819177987674,-0.9762677159187589,-0.32368832795649555,4634,0.4936168280179725
545,summer,1,6,0,1,1,1.3074818864753712,-0.18556408128177196,-0.37976811589826454,4232,0.6093979405806372
546,summer,1,7,0,2,1,1.6949781619121715,-0.7654134133488958,-0.28353179319469496,4110,0.52876466576021
547,summer,1,7,0,3,1,1.3966807407726212,-1.2691232567580417,0.06148923073236999,5323,0.8885131226513466
548,summer,1,7,0,4,1,1.4004377744154235,-0.952841802903247,-0.8292580683059009,5608,1.1123221482747119
549,summer,1,7,1,5,1,1.5826846008106372,-0.6248438783023202,-0.7168275132353451,4841,1.496363963605336
550,summer,1,7,0,6,1,1.7608981410893136,-1.192976739623312,0.04551436246916014,4836,0.8957494421865132
551,summer,1,7,0,7,1,1.7066667110231117,-1.242766468936809,-0.5724085103259389,4841,0.8781755233153945
552,summer,1,7,0,1,1,2.0282245904511877,-0.952841802903247,-0.34772805297617226,3392,0.17160060870306143
553,summer,1,7,0,2,1,1.9391055424241281,-0.37884719197081324,-0.8371035609585921,3469,0.08476477428106292
554,summer,1,7,0,3,2,1.102109658556569,0.3913543759796303,-0.12293146168911288,5571,1.0652860712961294
555,summer,1,7,0,4,2,1.1680541935091542,0.28007250356000923,-0.500211912642046,5336,0.9210765605595961
556,summer,1,7,0,5,1,1.078886033931208,0.03993053836319216,-0.5002635277252871,6289,1.4245176482204684
557,summer,1,7,0,6,1,1.1059710542450045,-0.6892739246909181,-0.5642404234029889,6414,1.5185898021776334
558,summer,1,7,0,7,2,1.187312060400446,-0.9967697826053019,-1.4149215140751317,5988,1.5459844404179066
559,summer,1,7,0,1,2,1.175703317559696,0.502643276876005,-0.6041904978318241,4614,1.2720380580151733
560,summer,1,7,0,2,1,1.4160675254849895,0.6344272159821694,-0.3075586144435614,4111,0.7872046491590151
561,summer,1,7,0,3,1,1.5322715938258458,0.12193177663261186,-0.33955996605322253,5742,1.2001917426303055
562,summer,1,7,0,4,1,1.7260043841845938,-0.8562002475587264,-0.9816257940344811,5865,1.1774490240912108
563,summer,1,7,0,5,1,1.6640010511906353,-0.35542127895530135,-0.6846713163759598,4914,0.622836819717375
564,summer,1,7,0,6,1,1.4740559891939935,-0.19141880241646192,-0.3235334827067713,5703,1.0766574305656766
565,summer,1,7,0,7,2,0.8502349308922976,1.521772405963677,0.23827089083412725,5123,0.7039869745045998
566,summer,1,7,0,1,3,0.46278776700638335,1.6711275369506635,0.2941829297553621,3195,-0.025330658646828035
567,summer,1,7,0,2,2,0.9122382638862564,0.9477777950312427,-1.246258906567245,4866,1.4999821233729194
568,summer,1,7,0,3,1,1.3228844966220883,0.46750089311436105,-0.668657736800319,5831,1.2704874181147805
569,summer,1,7,0,4,1,1.4237657610864176,0.1922165441558996,0.27036256883946097,6452,1.5940542773300845
570,summer,1,7,0,5,1,1.102109658556569,-1.248621190071499,-0.3316499545464796,6790,1.894361538039496
571,summer,1,7,0,6,1,1.6252029259904548,-0.2177755902376948,1.2169702917157255,5825,1.2162150216010315
572,summer,1,7,0,7,1,1.5942258152689188,-0.23242293578954779,-0.48401768027506026,5645,1.2384408601733288
573,summer,1,7,0,1,1,1.3694606636938873,-0.1006389966833833,-0.4277830470835667,4451,1.1252441474446522
574,summer,1,7,0,2,1,1.187312060400446,-0.027423354354374565,-0.2594404530917765,4444,1.0797587103664623
575,summer,1,7,0,3,1,1.2920056090023246,0.28885809950042024,-0.475952823518593,6065,1.3423337334996484
576,summer,1,7,0,4,1,1.1563902001736561,0.5377856606376488,-0.3235850977900127,6248,1.399707409814183
577,summer,1,8,0,5,1,1.1834752204874535,0.350357271083297,-0.6364499248576923,6506,1.5878517177285132
578,summer,1,8,0,6,1,1.4276824072696004,0.22442805311182196,-0.7890370146900486,6278,1.4229670083200756
579,summer,1,8,0,7,2,1.5245488024489744,0.10436058475178993,0.32633912661474745,5847,1.378515331175481
580,summer,1,8,0,1,1,1.6988948080953543,-0.1006389966833833,0.8639876411986762,4479,1.1970904628295198
581,summer,1,8,0,2,1,1.5749618094337658,0.17464535227507766,1.289334638420153,3757,0.49413370798477013
582,summer,1,8,0,3,2,1.4470691919819696,0.18636182302121013,-0.7890370146900486,5780,1.2947807765542683
583,summer,1,8,0,4,2,1.3695650257395207,0.5348547858319272,-0.9496373461956303,5995,1.4291695679216467
584,summer,1,8,0,5,2,1.431543802958036,0.3181457621273746,-1.0297439553862662,6271,1.564075239255823
585,summer,1,8,0,6,1,1.3811492128048275,-0.05084926736988645,-0.44391276059650076,6090,1.4358890074900157
586,summer,1,8,0,7,2,1.1873673108951932,0.6197798704303155,0.6233968344397517,4721,0.6605690572936006
587,summer,1,8,0,1,2,1.0051941518263088,0.739854367267101,0.2061663090579833,4052,0.9257284802607746
588,summer,1,8,0,2,1,1.0439431654756022,-0.683412175079476,-0.8773246145744443,4362,1.052364072126189
589,summer,1,8,0,3,1,1.1524489982150303,-0.5779850237945444,-0.7005429544726871,5676,1.227586380870579
590,summer,1,8,0,4,1,1.2416171577929762,0.4147873174718953,-0.2754153213549863,5656,1.1764152641576155
591,summer,1,8,0,5,1,1.1020052965109357,-0.05671101698132847,-0.2675053098482437,6149,1.46741868546467
592,summer,1,8,0,6,1,1.1060017489643086,-0.7624825385431747,-0.6284882982677079,6267,1.6007737168984535
593,summer,1,8,0,7,1,-1.425011137512261,-0.39934925865735615,0.5271476079653715,5665,1.3645595720719457
594,summer,1,8,0,1,1,0.8812120416138337,-0.17092376420667105,-0.16303638136767204,5038,1.735162508265832
595,summer,1,8,0,2,2,0.7920929935867743,0.5904992362801146,-1.342660397537187,3341,0.021188538364956877
596,summer,1,8,0,3,2,0.7455168265149754,0.748639963207512,-0.7809721579335813,5504,1.0451277525910225
597,summer,1,8,0,4,1,0.7765676045628412,0.3240004832620641,-1.5191736592060892,5925,1.291162616786685
598,summer,1,8,0,5,1,0.9044356662391949,0.3474263962775755,-1.5512717890968277,6281,1.4818913245350032
599,summer,1,8,0,6,1,0.9974652215055765,0.05750173024401409,-1.366586569373733,6402,1.683474511586071
600,summer,1,8,0,7,2,1.0594194429486488,-0.08892252593725133,-1.527238515962556,6257,1.5888854776621084
601,summer,1,8,0,1,2,0.8850488815268263,0.5992848322205255,0.6955934321236446,4224,0.7985760084285625
602,summer,1,8,0,2,2,0.7456948558869385,1.5334818482330559,0.49493979602274474,3772,0.3861057949240696
603,summer,1,8,0,3,1,1.1060017489643086,0.7222831753862791,-0.7970502563632741,5928,1.2451602997416977
604,summer,1,8,0,4,1,1.1757524291105823,-0.05378014217560746,0.005461057873842407,6105,1.3087365356578036
605,summer,1,8,0,5,1,0.989638068083072,-0.5311331977635206,-1.0057171341373996,6520,1.6483266738438336
606,summer,1,8,0,6,1,1.0942825051340643,-0.26170356993974964,-1.463095161641401,6541,1.6565967533125954
607,summer,1,8,0,7,1,1.3190967682599821,-0.2822056366262926,-0.28348017811145354,5917,1.4689693253650629
608,summer,1,9,0,1,2,1.4004623301908665,0.07507292212483602,-0.9976522773809324,3788,0.8435445655399546
609,summer,1,9,1,2,2,1.0710834362841466,1.3167728245285033,-1.6314364652561104,3197,0.6729741764967432
610,summer,1,9,0,3,1,1.1486121583020379,1.1469156268549734,-0.5081606354612198,4069,0.788755289059408
611,summer,1,9,0,4,1,1.3036757412816826,0.8950642193887769,0.5912406375803664,5997,1.2177656615014243
612,summer,1,9,0,5,1,1.4393157058857942,0.7984226640442563,-0.03475999574201019,6280,1.3459518932672316
613,summer,1,9,0,6,2,1.1099368119790736,1.284561315572581,-0.6204234415112411,5592,0.876108003448204
614,summer,1,9,0,7,1,1.121447331718051,0.7632802802826124,-0.24331073957884236,6459,1.5485688402518947
615,summer,1,9,0,1,2,0.838546381781357,1.2054909521088821,1.169110205780147,4419,0.7587762509851466
616,summer,1,9,0,2,1,0.640896945239426,-0.5633447067194435,0.4386535477480101,5657,1.9222730562465669
617,summer,1,9,0,3,1,0.5594270212629082,-0.8708405646338273,0.8801818735656616,6407,1.5594233195546445
618,summer,1,9,0,4,1,0.48967634111663505,-0.7566278174084847,-1.270345085161839,6697,1.6845082715196662
619,summer,1,9,0,5,1,0.5865672920714522,-0.35542127895530135,-0.7568808178306632,6820,1.73774690809982
620,summer,1,9,0,6,1,0.6447828967033051,0.06628732618442505,-1.390781139643134,6750,1.7036328302911778
621,summer,1,9,0,7,1,0.7339510562812507,0.31521488732165315,-1.1179670364166103,6630,1.8095932234846879
622,summer,1,9,0,1,1,0.6835134935210165,-0.8854808817089282,0.7357628706562555,5554,2.173993600077003
623,summer,1,9,0,2,1,0.5439016322389755,-0.40520397979204614,-1.2944867499709176,5167,1.4601823659295035
624,summer,1,9,0,3,2,0.4820517728415362,0.7515638095364799,-0.500147393787994,5847,1.2203500613354124
625,summer,1,9,0,4,2,0.555823461216626,1.7209102377874077,2.156029308667936,3702,-0.22484632583070555
626,summer,1,9,0,5,1,0.40441868877801085,-0.6394841953774212,0.31837750002476306,6803,1.593537397363287
627,summer,1,9,0,6,1,0.35400568179321984,-0.06549661292173944,-0.9333914987454033,6781,1.6602149130801787
628,summer,1,9,0,7,1,0.5982067296315062,0.28885809950042024,-0.4680557157826607,6917,1.8912602582387104
629,summer,1,9,0,1,1,0.8346604303174783,0.13364824737874434,1.2010986536189978,5883,2.0091088906685655
630,autumn,1,9,0,2,1,0.2726094251430317,-1.1285537217114663,0.42267867948479987,5453,1.7568714668713317
631,autumn,1,9,0,3,1,0.1718079669488923,-0.946980053291805,-0.620642805615017,6435,1.5134210025096573
632,autumn,1,9,0,4,1,0.4275932018524859,-0.40520397979204614,0.5912406375803664,6693,1.5661427591230135
633,autumn,1,9,0,5,1,0.7494825842490443,0.022359346482370226,0.6954902019571617,6946,1.6669343526485474
634,autumn,1,9,0,6,2,0.819233264395318,0.4440679516220961,-0.7246730058880364,6642,1.49119516393736
635,autumn,1,9,0,7,2,0.6834889377455735,0.4382132304874066,-0.3396631962197054,6370,1.5025665232069074
636,autumn,1,9,0,1,1,0.34236624423316586,-0.5955562156753663,0.4787584674265692,5966,2.091809685356183
637,autumn,1,9,0,2,1,0.26481296643983077,-0.3114932992532465,-0.7167242830688626,4874,1.2306876606713646
638,autumn,1,10,0,3,2,0.23004812735618835,0.15121943925956627,-1.286474798674773,6015,1.1733139843568299
639,autumn,1,10,0,4,3,0.41626071148547106,1.7150555166527184,-1.1100699286806777,4324,0.06770773537674178
640,autumn,1,10,0,5,2,0.7649527227782303,1.1674176935415168,-1.5994996325005006,6844,1.5837166779941323
641,autumn,1,10,0,6,2,0.819233264395318,0.6695695997438132,-0.9414047404186289,6437,1.4575979660955154
642,autumn,1,10,0,7,1,0.6486442923917408,-0.0010665665331416646,-1.0858753584112768,6640,1.8855745786039366
643,autumn,1,10,0,1,1,0.39285905748814715,0.25664659054449784,1.0003417873516152,4934,1.786850504945593
644,autumn,1,10,0,2,2,-0.3358826903382768,0.5670662947878496,-0.6366692889614682,2729,-0.51584974713776
645,autumn,1,10,0,3,2,-0.5335873773749545,0.5758518907282606,-0.01061704055585028,4604,0.5013700275199366
646,autumn,1,10,0,4,2,-0.22354615662971677,0.9419230738965533,-0.0026037988826248175,5791,0.9737983171729523
647,autumn,1,10,0,5,1,0.1756693626373279,0.022359346482370226,-0.034592246721475664,6911,1.645225394043048
648,autumn,1,10,0,6,1,-0.26618112174288944,-1.1549105095326992,-0.11491822001588742,6736,1.582682918060537
649,autumn,1,10,0,7,1,-0.25449257263194924,-0.6219130034965993,0.5753819032544493,6222,1.4338214876228252
650,autumn,1,10,0,1,1,-0.5103330580302896,-0.9352706110224251,-0.5724085103259389,4857,1.3444012533668388
651,autumn,1,10,1,2,1,0.2067446964606368,0.0897202676766895,1.1369540089207615,4559,1.101467668971962
652,autumn,1,10,0,3,2,0.3967204531765827,0.5612115736531602,1.3618022152910632,5115,0.7065713743385879
653,autumn,1,10,0,4,1,-0.08398340689856189,-0.48720521806146583,-0.1068533632594202,6612,1.564075239255823
654,autumn,1,10,0,5,1,-0.1499033860757035,0.4587152971739501,-1.1501232332759956,6482,1.5263430016795976
655,autumn,1,10,0,6,2,0.23388496726918084,0.7076358298344251,0.5991893603995401,6501,1.5511532400858827
656,autumn,1,10,0,7,2,0.38902221757515465,1.3167728245285033,-0.7167758981521037,4671,0.4734585093128657
657,autumn,1,10,0,1,1,-0.010340636344549048,-0.38470191310550317,-0.941520874355922,5284,1.8514605007952942
658,autumn,1,10,0,2,1,-0.11109912193166283,-0.8269125849317726,-0.3154686259503044,4692,1.1970904628295198
659,autumn,1,10,0,3,1,0.05166269664940979,-0.4169204505381781,-1.4067495560209387,6228,1.3180403750601606
660,autumn,1,10,0,4,1,0.342415355784052,0.09850586361710048,-1.2381940498107777,6625,1.5289274015135856
661,autumn,1,10,0,5,1,0.5168657234760653,0.0604326050497351,-1.5190652675312823,6898,1.6462591539766431
662,autumn,1,10,0,6,2,0.3386337663658067,1.2142765480492932,-0.8532848895547673,6484,1.4736212450662414
663,autumn,1,10,0,7,2,0.29604177385965924,1.261128374080316,-0.7488675761574374,6262,1.5175560422440382
664,autumn,1,10,0,1,2,0.2492814384720371,0.6490675330572698,0.5831241657406577,5209,1.728443068697463
665,autumn,1,10,0,2,2,-0.041471220662605154,0.470424739443329,2.6776126285929824,3461,-0.025330658646828035
666,autumn,1,10,0,3,3,-0.2156391969370219,1.7736238134298736,2.1639393201746793,20,-2.318727071327824
667,autumn,1,10,0,4,2,-1.0105771764143228,1.3902555489741009,0.2904279324495511,1009,-1.763597986987191
668,autumn,1,10,0,5,2,-0.6963185012367235,0.2742177824253198,-0.3075586144435614,5147,0.5468554645981264
669,autumn,1,11,0,6,2,-0.6420379596196358,-0.3232027415226264,-0.4278346621668081,5520,0.7639450506531226
670,autumn,1,11,0,7,1,-0.7273692792845893,-0.7419875003333839,0.9764698113524733,5229,0.6920987352682548
671,autumn,1,11,0,1,2,-0.9250187158265202,-0.958696524037937,1.0326528294607251,4109,0.3256308388087492
672,autumn,1,11,0,2,1,-0.8900758473709147,-0.6658409831986541,-0.14702280179203137,3906,0.30960755983802335
673,autumn,1,11,0,3,1,-1.021835999455008,-0.9381944573513941,0.5912922526636074,4881,0.38817331479126005
674,autumn,1,11,0,4,1,-1.1845671233167767,-0.42570604647858906,-0.21921939947592423,5220,0.6088810606138396
675,autumn,1,11,0,5,2,-1.2272082273738103,-0.5633447067194435,1.4659485495013755,4709,0.2723922022285954
676,autumn,1,11,0,6,1,-0.8142414738586002,-2.067593358206352,2.0301917357254298,4975,0.4171185929319262
677,autumn,1,11,0,7,1,-0.7312306749730249,-0.6102035612272193,0.310415873434779,5283,0.7670463304539082
678,autumn,1,11,0,1,1,-0.4947340016800272,0.12486265143833337,-1.7117624385505221,4446,1.0482290323918082
679,autumn,1,11,1,2,1,-0.3242186970027793,0.221504206782854,-0.8129606057724322,4562,1.211563101899853
680,autumn,1,11,0,3,1,0.005258420005713368,0.8013535388499777,-0.2191677843926828,5172,0.9102220812568462
681,autumn,1,11,0,4,2,-0.9288309999640696,0.2478609946040869,1.9554918065043296,3767,-0.21399184652795572
682,autumn,1,11,0,5,1,-1.1845916790922197,-0.5311331977635206,0.11772386392386325,5122,0.510156986955496
683,autumn,1,11,0,6,2,-0.9210529580924512,-0.05084926736988645,-0.48408219912911193,5125,0.48431298861561556
684,autumn,1,11,0,7,1,-0.7816252651262338,-0.7244163084525619,-0.2513239812520682,5214,0.6150836202154109
685,autumn,1,11,0,1,1,-0.9094442152517009,-0.5779850237945444,-0.13900956011880558,4316,0.5794189025063758
686,autumn,1,11,0,2,1,-0.8396873961615667,0.4587152971739501,0.478861697593052,3747,0.08321413438067009
687,autumn,1,11,0,3,2,-0.6071748974342206,-0.030354229160095572,0.5750593089841908,5050,0.5122245068226865
688,autumn,1,11,0,4,2,-0.5761977867126845,0.40307084672576277,-1.3907269438057306,5100,0.5820033023403639
689,autumn,1,11,0,5,1,-0.6730396261166155,-0.0977081218776623,-1.1259286630065946,4531,0.3297658785431301
690,autumn,1,11,0,6,1,-0.7621832299191179,-0.33198833746303735,-1.7759586983319995,1470,-1.076664511113167
691,autumn,1,11,0,7,1,-0.5877881127218523,-0.4139895757324571,-0.5481623249732962,2307,-0.309097760418716
692,autumn,1,11,0,1,1,-1.3860779555471434,-1.5678335187320147,2.404865624974673,1745,-1.1531627461992133
693,autumn,1,11,0,2,1,-1.3318035528739165,-1.1197681257710554,-0.5161738771344453,2115,-1.0771813910799646
694,autumn,1,11,0,3,1,-0.8319646047846956,-0.6482697913178321,-1.8562304757890076,4750,0.2992699605020711
695,autumn,1,11,0,4,2,-1.1846223738115238,1.1176349927047726,0.607254217156007,3836,-0.28377064204563307
696,autumn,1,11,1,5,1,-1.134258478377619,-0.8532693727530054,0.26219448191651124,5062,0.38869019475805766
697,autumn,1,11,0,6,1,-1.0810952245431948,-0.5060485642344595,-0.9675219725387717,5080,0.4212536326663071
698,autumn,1,11,0,7,1,-0.9248897980054438,0.1541432855885342,-1.703697581794055,5306,0.5995772212114826
699,autumn,1,12,0,1,2,-0.9676352641081105,1.258204527751348,-1.6877820708765725,4240,0.3530254770490226
700,autumn,1,12,0,2,2,-0.7079333830213344,1.3753411213056586,-0.8532332744715262,3757,0.07287653504471789
701,autumn,1,12,0,3,1,-0.11498507339554152,0.9829201787928865,-1.390781139643134,5679,0.8921312824189299
702,autumn,1,12,0,4,1,-0.033594955689213946,0.7457090884017905,-0.2112706766567501,6055,1.0844106300676408
703,autumn,1,12,0,5,1,-0.2855494896236756,-1.002624503739992,1.7229013376478202,5398,0.6311068991861368
704,autumn,1,12,0,6,1,-1.327991268736367,-0.8356981808721835,-0.20320581990028322,5035,0.4481313909397828
705,autumn,1,12,0,7,2,-0.936609041835688,0.9594942657773752,-0.7729589162603558,4659,0.2584364431250599
706,autumn,1,12,0,1,2,-0.5219233840394574,1.9932637119401477,-1.150020003109513,4429,0.5551255440668881
707,autumn,1,12,0,2,2,-0.5180067378562746,1.9522666070438144,-0.4197181903270998,2787,-0.661609897774686
708,autumn,1,12,0,3,2,-0.2391206572045361,2.0899052672846685,-0.002500568716141979,4841,0.34217099774627274
709,autumn,1,12,0,4,2,-0.8358996677994605,-0.2177755902376948,1.3618022152910632,5219,0.5132582667562817
710,autumn,1,12,0,5,2,-1.087749839688289,-0.6277747531080413,-0.35568967956615666,5009,0.41918611279911666
711,autumn,1,12,0,6,1,-1.107087512849771,-0.9967697826053019,-0.2112706766567501,5107,0.5292815457270076
712,autumn,1,12,0,7,1,-1.107062957074328,0.10729145955751145,-0.7648424444206472,5182,0.5701150631040188
713,autumn,1,12,0,1,1,-0.835776888922245,0.16000503519997725,-1.0858753584112768,4280,0.27859476183016674
714,autumn,1,12,0,2,2,-0.642062515395079,1.4836991473963117,-1.158239705115704,3248,-0.3731908763016196
715,autumn,1,12,0,3,2,-0.44830516926088765,1.9639760493131933,-1.1902888006773635,4373,0.03979621716967084
716,autumn,1,12,0,4,1,-0.3979167180515397,0.2712869076195983,0.39875508840241625,5124,0.5422035448969479
717,autumn,1,12,0,5,1,-0.8125778200723268,-0.015706883608242586,-0.08271040807326062,4934,0.39230835452564095
718,autumn,1,12,0,6,2,-0.8552127851854995,0.28300337836573075,-0.7489191912406788,3814,-0.196417927656837
719,winter,1,12,0,7,2,-1.0605604573288587,-0.49891466033084575,2.3727610431985284,3402,-0.4574423108896301
720,winter,1,12,0,1,1,-1.4636066775650352,-1.3101203616543757,2.798108040420005,1544,-1.4260753686683514
721,winter,1,12,0,2,1,-1.3202132268647488,-0.7888393263644077,-0.7409188533382636,1379,-1.4064339299300423
722,winter,1,12,0,3,2,-1.3237185638092586,1.1502260394053203,-1.4616280029002646,746,-1.8545688611435702
723,winter,1,12,1,4,2,-1.1053870254003328,0.7529695048869464,-0.2809897503450565,573,-1.8064990242313925
724,winter,1,12,0,5,3,-1.56047921168827,1.3753411213056586,1.6264456508404745,432,-2.1021543652396253
725,winter,1,12,0,6,2,-1.5217486148705583,0.17757622708079918,2.0598446010476077,1867,-1.2374141807872236
726,winter,1,12,0,7,2,-1.3473780534487356,-0.26463444474547065,-0.4520292324362094,2451,-0.7303549333587682
727,winter,1,12,0,1,2,-1.425011137512261,0.8804239023136765,-0.8531816593882848,1182,-1.6369623951217764
728,winter,1,12,0,2,1,-1.4906978368226926,-1.0143409744861238,2.067857842720833,1432,-1.4017820102288638
729,winter,1,12,0,3,2,-1.5411169827513447,-0.3524904041495803,-0.4600940891926763,2290,-0.9195330012066936
